Indivíduo,cereais,leites,frutas,cereais,leguminosas,verduras,carnes,ovos,bebidas,verduras,pescados,leites,verduras,gorduras,frutas,Concentração,Custo,Energia Total
0,"Pão, glúten, forma","Iogurte, sabor pêssego","Ameixa, em calda, enlatada, drenada","Pastel, de carne, frito","Feijão, rajado, cru","Quiabo, cru","Peru, congelado, cru","Omelete, de queijo","Bebida isotônica, sabores variados","Feijão, broto, cru","Pescada, filé, com farinha de trigo, frito","Queijo, requeijão, cremoso","Nhoque, batata, cozido","Óleo, de pequi","Caqui, chocolate, cru",-2.6,18.457999999999995,2409.5340000000006
1,"Macarrão, instantâneo","Bebida láctea, pêssego","Pequi, cru","Cereais, mingau, milho, infantil","Feijão, rajado, cozido","Manjericão, cru","Frango, fígado, cru","Omelete, de queijo","Uva, suco concentrado, envasado","Mandioca, frita","Corimba, cru","Queijo, mozarela","Couve, manteiga, crua","Azeite, de oliva, extra virgem","Banana, maçã, crua",-2.8666666666666667,33.934999999999995,2795.6430000000005
2,"Lasanha, massa fresca, cozida","Queijo, prato","Goiaba, vermelha, com casca, crua","Biscoito, doce, maisena","Grão-de-bico, cru","Caruru, cru","Croquete, de carne, cru","Ovo, de galinha, clara, cozida/10minutos","Refrigerante, tipo guaraná","Manjericão, cru","Salmão, filé, com pele, fresco,  grelhado",Creme de Leite,"Couve, manteiga, refogada","Margarina, com óleo hidrogenado, com sal (65% de lipídeos)","Goiaba, doce, cascão",-2.9333333333333336,53.184999999999995,3042.4140000000007
3,"Biscoito, doce, wafer, recheado de chocolate","Queijo, requeijão, cremoso","Goiaba, doce em pasta","Pastel, de queijo, cru","Feijão, preto, cru","Chicória, crua","Carne, bovina, lagarto, cru","Ovo, de galinha, clara, cozida/10minutos","Refrigerante, tipo limão","Mandioca, frita","Bacalhau, salgado, refogado","Iogurte, sabor morango","Tomate, purê","Óleo, de babaçu","Uva, Rubi, crua",-2.466666666666667,19.756,2459.747
4,"Farinha, de trigo","Queijo, parmesão","Ameixa, em calda, enlatada, drenada","Pastel, de carne, frito","Tremoço, em conserva","Abóbora, cabotian, crua","Frango, coxa, sem pele, crua","Omelete, de queijo","Coco, água de","Cará, cozido","Pescada, branca, frita","Leite, de vaca, integral, pó","Tomate, purê","Óleo, de babaçu","Uva, Rubi, crua",-2.6,28.148999999999997,2412.2960000000003
5,"Pastel, massa, crua","Iogurte, sabor morango","Goiaba, doce em pasta","Pastel, de queijo, cru","Feijão, preto, cru","Pimentão, amarelo, cru","Carne, bovina, costela, crua","Ovo, de galinha, clara, cozida/10minutos","Café, infusão 10%","Mandioca, frita","Salmão, sem pele, fresco, grelhado","Queijo, minas, frescal","Mandioca, farofa, temperada","Manteiga, sem sal","Caqui, chocolate, cru",-2.7333333333333334,37.861999999999995,4172.684000000001
6,"Lasanha, massa fresca, crua","Iogurte, sabor pêssego","Tucumã, cru","Farinha, láctea, de cereais","Feijão, jalo, cozido","Quiabo, cru","Carne, bovina, costela, crua","Omelete, de queijo","Cana, aguardente 1","Feijão, broto, cru","Pescada, filé, com farinha de trigo, frito","Queijo, requeijão, cremoso","Batata, baroa, cozida","Óleo, de milho","Caqui, chocolate, cru",-2.8666666666666667,41.558,3488.8329999999996
7,"Pipoca, com óleo de soja, sem sal","Iogurte, sabor pêssego","Tamarindo, cru","Pastel, de carne, frito","Feijão, jalo, cru","Espinafre, Nova Zelândia, refogado","Carne, bovina, paleta, com gordura, crua","Ovo, de galinha, clara, cozida/10minutos","Refrigerante, tipo laranja","Quiabo, cru","Lambari, fresco, cru",Creme de Leite,"Almeirão, refogado","Margarina, com óleo hidrogenado, com sal (65% de lipídeos)","Mexerica, Murcote, crua",-2.923809523809524,107.89899999999999,3049.965
8,"Farinha, de arroz, enriquecida","Bebida láctea, pêssego","Tamarindo, cru","Pastel, de carne, frito","Feijão, rajado, cru","Taioba, crua","Carne, bovina, patinho, sem gordura, cru","Omelete, de queijo","Limão, cravo, suco","Mandioca, cozida","Pintado, cru","Leite, de vaca, integral, pó","Pimentão, verde, cru","Óleo, de girassol","Mexerica, Rio, crua",-2.3111111111111113,21.285000000000004,2410.108
9,"Bolo, pronto, aipim","Iogurte, sabor pêssego","Açaí, polpa, congelada","Lasanha, massa fresca, cozida","Amendoim, torrado, salgado","Pimentão, amarelo, cru","Carne, bovina, costela, crua","Omelete, de queijo","Coco, água de","Abobrinha, italiana, cozida","Pescada, filé, com farinha de trigo, frito","Queijo, mozarela","Cebola, crua","Óleo, de milho","Manga, Tommy Atkins, crua",-2.466666666666667,22.605,3117.061
10,"Pipoca, com óleo de soja, sem sal","Leite, fermentado","Pequi, cru","Farinha, láctea, de cereais","Feijão, jalo, cozido","Alho, cru",Apresuntado,"Ovo, de galinha, gema, cozida/10minutos","Limão, galego, suco","Tomate, purê","Cação, posta, com farinha de trigo, frita","Queijo, requeijão, cremoso","Abóbora, cabotian, crua","Óleo, de girassol","Abacaxi, polpa, congelada",-2.5714285714285716,28.512000000000004,2436.72
11,"Cereal matinal, milho, açúcar","Queijo, requeijão, cremoso","Goiaba, doce em pasta","Biscoito, doce, recheado com chocolate","Feijão, carioca, cru","Manjericão, cru","Carne, bovina, capa de contra-filé, com gordura, crua","Ovo, de galinha, inteiro, cozido/10minutos","Refrigerante, tipo limão","Farinha, de mandioca, torrada","Dourada de água doce, fresca","Iogurte, sabor morango","Tomate, purê","Azeite, de dendê","Cacau, cru",-2.6,31.097,2414.7039999999997
12,"Pastel, massa, crua","Queijo, pasteurizado","Jambo, cru","Pastel, de queijo, frito","Grão-de-bico, cru","Mandioca, farofa, temperada","Frango, fígado, cru","Ovo, de galinha, clara, cozida/10minutos","Café, infusão 10%","Polvilho, doce","Abadejo, filé, congelado, assado","Queijo, minas, meia cura","Rabanete, cru","Azeite, de oliva, extra virgem","Umbu, cru",-2.7333333333333334,40.183,2470.229
13,"Cereais, mistura para vitamina, trigo, cevada e aveia","Queijo, prato","Goiaba, vermelha, com casca, crua","Cereal matinal, milho, açúcar","Feijão, rosinha, cru","Pimentão, verde, cru","Croquete, de carne, cru","Ovo, de galinha, clara, cozida/10minutos","Limão, galego, suco","Cará, cru","Salmão, filé, com pele, fresco,  grelhado",Creme de Leite,"Manjericão, cru","Óleo, de milho","Goiaba, doce, cascão",-2.8,58.465,2648.4420000000005
14,"Cereais, mingau, milho, infantil","Leite, de vaca, desnatado, UHT","Açaí, polpa, congelada","Lasanha, massa fresca, cozida","Amendoim, grão, cru","Cenoura, cozida","Hambúrguer, bovino, cru","Omelete, de queijo","Limão, cravo, suco","Cenoura, cozida","Corimbatá, assado","Queijo, mozarela","Mandioca, crua","Óleo, de milho","Ciriguela, crua",-1.95,23.639000000000006,2408.639
15,"Lasanha, massa fresca, cozida","Leite, de vaca, desnatado, pó","Pequi, cru","Pastel, massa, crua","Tremoço, em conserva","Agrião, cru","Croquete, de carne, cru","Ovo, de galinha, clara, cozida/10minutos","Limão, galego, suco","Nhoque, batata, cozido","Salmão, filé, com pele, fresco,  grelhado","Queijo, prato","Manjericão, cru","Margarina, com óleo hidrogenado, com sal (65% de lipídeos)","Caju, cru",-2.033333333333333,23.65,2424.673
16,"Biscoito, doce, wafer, recheado de chocolate","Bebida láctea, pêssego","Goiaba, doce em pasta","Pastel, de queijo, cru","Feijão, preto, cru","Mandioca, farofa, temperada","Carne, bovina, lagarto, cru","Ovo, de galinha, clara, cozida/10minutos","Chá, erva-doce, infusão 5%","Mandioca, frita","Bacalhau, salgado, refogado","Queijo, minas, frescal","Batata, doce, cozida","Óleo, de babaçu","Uva, Rubi, crua",-2.3777777777777778,23.958,2458.8149999999996
17,"Bolo, pronto, aipim","Iogurte, sabor morango","Fruta-pão, crua","Farinha, de rosca","Amendoim, torrado, salgado","Polvilho, doce","Carne, bovina, costela, crua","Ovo, de galinha, clara, cozida/10minutos","Coco, água de","Abobrinha, italiana, refogada","Pescada, filé, com farinha de trigo, frito","Bebida láctea, pêssego","Mandioca, farofa, temperada","Óleo, de milho","Laranja, lima, crua",-2.466666666666667,25.828000000000007,2409.5140000000006
18,"Pipoca, com óleo de soja, sem sal","Queijo, petit suisse, morango","Goiaba, doce em pasta","Creme de milho, pó","Grão-de-bico, cru","Palmito, pupunha, em conserva","Frango, coxa, sem pele, cozida","Ovo, de galinha, clara, cozida/10minutos","Coco, água de","Mandioca, frita","Corimba, cru","Leite, de vaca, integral, pó","Tomate, purê","Óleo, de girassol","Uva, Rubi, crua",-2.5555555555555554,31.866999999999997,2429.1449999999995
19,"Cereal matinal, milho, açúcar","Queijo, requeijão, cremoso","Goiaba, doce em pasta","Biscoito, doce, recheado com chocolate","Amendoim, torrado, salgado","Manjericão, cru","Carne, bovina, capa de contra-filé, com gordura, crua","Omelete, de queijo","Cerveja, pilsen 2","Farinha, de mandioca, torrada","Dourada de água doce, fresca","Leite, condensado","Jurubeba, crua","Óleo, de girassol","Maracujá, cru",-2.6,35.211,2421.231
20,"Farinha, de arroz, enriquecida","Leite, condensado","Açaí, polpa, congelada","Macarrão, instantâneo","Feijão, jalo, cru","Pimentão, amarelo, cru","Carne, bovina, charque, cozido","Omelete, de queijo","Cana, aguardente 1","Farinha, de mandioca, crua","Pescada, filé, com farinha de trigo, frito","Leite, de vaca, integral, pó","Tomate, molho industrializado","Óleo, de girassol","Manga, Tommy Atkins, crua",-2.6666666666666665,40.48,2424.45
21,"Macarrão, trigo, cru","Leite, condensado","Abacate, cru","Farinha, láctea, de cereais","Feijão, jalo, cozido","Quiabo, cru","Carne, bovina, acém, sem gordura, cru","Ovo, de galinha, clara, cozida/10minutos","Cana, aguardente 1","Feijão, broto, cru","Cação, posta, com farinha de trigo, frita","Queijo, requeijão, cremoso","Mandioca, cozida","Óleo, de milho","Caqui, chocolate, cru",-2.7333333333333334,56.727,3111.1590000000006
22,"Pastel, massa, crua","Iogurte, sabor pêssego","Tucumã, cru","Farinha, láctea, de cereais","Grão-de-bico, cru","Salsa, crua","Carne, bovina, acém, moído, cru","Ovo, de galinha, inteiro, cru","Maracujá, suco concentrado, envasado","Berinjela, cozida","Abadejo, filé, congelado, assado","Queijo, requeijão, cremoso","Couve-flor, crua","Óleo, de milho","Abiu, cru",-2.8,58.92700000000001,2542.234
23,"Farinha, de milho, amarela","Leite, de vaca, integral","Ameixa, calda, enlatada","Bolo, pronto, coco","Amendoim, torrado, salgado","Cebola, crua","Carne, bovina, costela, crua","Omelete, de queijo","Coco, água de","Batata, baroa, cozida","Pescada, filé, com farinha de trigo, frito","Queijo, minas, frescal","Farinha, de mandioca, torrada","Óleo, de milho","Manga, Tommy Atkins, crua",-2.333333333333333,24.926000000000002,3863.698
24,"Lasanha, massa fresca, cozida","Iogurte, sabor pêssego","Pequi, cru","Canjica, com leite integral","Feijão, carioca, cru","Caruru, cru","Carne, bovina, patinho, sem gordura, cru","Omelete, de queijo","Uva, suco concentrado, envasado","Mandioca, frita","Corimba, cru","Queijo, mozarela","Quiabo, cru","Óleo, de girassol","Uva, Rubi, crua",-2.466666666666667,26.642000000000003,3058.448
25,"Cereais, milho, flocos, sem sal","Queijo, pasteurizado","Ciriguela, crua","Cereal matinal, milho, açúcar","Amendoim, torrado, salgado","Alface, americana, crua","Frango, fígado, cru","Ovo, de galinha, clara, cozida/10minutos","Café, infusão 10%","Cará, cozido","Abadejo, filé, congelado, assado","Queijo, minas, meia cura","Rabanete, cru","Azeite, de oliva, extra virgem","Banana, doce em barra",-2.533333333333333,32.989,2743.8549999999996
26,"Biscoito, doce, maisena","Queijo, pasteurizado","Fruta-pão, crua","Pipoca, com óleo de soja, sem sal","Feijão, roxo, cru","Beterraba, crua","Carne, bovina, picanha, sem gordura, grelhada","Ovo, de galinha, clara, cozida/10minutos","Café, infusão 10%","Polvilho, doce","Corvina grande, assada","Iogurte, sabor pêssego","Manjericão, cru","Óleo, de girassol","Cajá-Manga, cru",-2.6666666666666665,41.64600000000001,2560.8729999999996
27,"Pastel, massa, frita","Queijo, minas, meia cura","Jambo, cru","Farinha, de rosca","Amendoim, torrado, salgado","Chuchu, cozido","Carne, bovina, fraldinha, com gordura, crua","Ovo, de galinha, inteiro, frito","Tangerina, Poncã, suco","Abobrinha, italiana, refogada","Bacalhau, salgado, refogado",Creme de Leite,"Manjericão, cru","Óleo, de girassol","Melão, cru",-2.7333333333333334,62.31500000000001,2766.9389999999994
28,"Lasanha, massa fresca, cozida","Leite, de vaca, desnatado, pó","Tamarindo, cru","Pastel, massa, crua","Feijão, jalo, cru","Caruru, cru","Empada, de frango, pré-cozida","Ovo, de galinha, clara, cozida/10minutos","Laranja, baía, suco","Repolho, branco, cru","Salmão, filé, com pele, fresco,  grelhado",Creme de Leite,"Almeirão, refogado","Margarina, com óleo hidrogenado, com sal (65% de lipídeos)","Maçã, Argentina, com casca, crua",-2.8,64.14099999999999,2724.893
29,"Farinha, de arroz, enriquecida","Bebida láctea, pêssego","Goiaba, doce em pasta","Pastel, de carne, frito","Feijão, rajado, cozido","Manjericão, cru","Carne, bovina, patinho, sem gordura, cru","Omelete, de queijo","Uva, suco concentrado, envasado","Rúcula, crua","Dourada de água doce, fresca","Iogurte, sabor morango","Batata, inglesa, crua","Óleo, de girassol","Açaí, polpa, com xarope de guaraná e glucose",-2.283333333333333,27.378999999999998,2881.46
30,"Farinha, de centeio, integral","Iogurte, sabor morango","Cacau, cru","Milho, fubá, cru","Feijão, roxo, cozido","Polvilho, doce","Frango, coxa, sem pele, cozida","Omelete, de queijo","Laranja, pêra, suco","Mandioca, frita","Sardinha, inteira, crua","Leite, de cabra","Nhoque, batata, cozido","Óleo, de milho","Cacau, cru",-2.333333333333333,28.698999999999998,4391.598999999999
31,"Canjica, com leite integral","Queijo, prato","Goiaba, vermelha, com casca, crua","Bolo, pronto, chocolate","Ervilha, em vagem","Cebola, crua","Carne, bovina, músculo, sem gordura, cozido","Ovo, de galinha, clara, cozida/10minutos","Coco, água de","Jurubeba, crua","Bacalhau, salgado, refogado","Leite, de vaca, integral, pó","Acelga, crua","Óleo, de girassol","Pêssego, enlatado, em calda",-2.35,29.139,2412.852
32,"Farinha, de milho, amarela","Queijo, mozarela","Atemóia, crua","Milho, fubá, cru","Feijão, carioca, cozido","Cebola, crua","Frango, coxa, sem pele, cozida","Omelete, de queijo","Laranja, valência, suco","Mandioca, frita","Pescada, branca, frita","Iogurte, sabor abacaxi","Nhoque, batata, cozido","Azeite, de oliva, extra virgem","Pitanga, crua",-2.4,34.32,5231.543999999999
33,"Pipoca, com óleo de soja, sem sal","Queijo, parmesão","Ameixa, em calda, enlatada, drenada","Pastel, de carne, frito","Feijão, jalo, cozido","Quiabo, cru","Carne, bovina, costela, assada","Omelete, de queijo","Bebida isotônica, sabores variados","Feijão, broto, cru","Corimba, cru","Leite, de vaca, integral, pó","Manjericão, cru","Óleo, de pequi","Maracujá, cru",-2.533333333333333,35.024,2417.2999999999997
34,"Farinha, de trigo","Leite, condensado","Açaí, polpa, congelada","Milho, verde, cru","Feijão, roxo, cru","Quiabo, cru","Frango, peito, sem pele, cozido","Omelete, de queijo","Refrigerante, tipo água tônica","Feijão, broto, cru","Cação, posta, com farinha de trigo, frita","Queijo, requeijão, cremoso","Cará, cozido","Óleo, de babaçu","Uva, Rubi, crua",-2.6,43.43900000000001,2442.448
35,"Arroz, tipo 2, cozido","Queijo, petit suisse, morango","Goiaba, doce em pasta","Pastel, de queijo, cru","Ervilha, em vagem","Chicória, crua","Frango, coxa, sem pele, cozida","Ovo, de galinha, clara, cozida/10minutos","Coco, água de","Mandioca, frita","Bacalhau, salgado, refogado","Leite, de vaca, integral, pó","Tomate, purê","Óleo, de girassol","Uva, Rubi, crua",-2.6666666666666665,51.392,2434.281
36,"Pipoca, com óleo de soja, sem sal","Iogurte, natural, desnatado","Tamarindo, cru","Pipoca, com óleo de soja, sem sal","Feijão, roxo, cru","Espinafre, Nova Zelândia, refogado","Empada de frango, pré-cozida, assada","Ovo, de galinha, inteiro, cru","Uva, suco concentrado, envasado","Quiabo, cru","Pescadinha, crua",Creme de Leite,"Manjericão, cru","Óleo, de pequi","Kiwi, cru",-2.8,67.375,3377.149
37,"Pão, glúten, forma","Iogurte, sabor pêssego","Ameixa, em calda, enlatada, drenada","Pastel, de carne, frito","Feijão, rosinha, cozido","Taioba, crua","Carne, bovina, costela, assada","Omelete, de queijo","Bebida isotônica, sabores variados","Quiabo, cru","Pescada, branca, frita","Leite, de vaca, integral, pó","Nhoque, batata, cozido","Óleo, de pequi","Mexerica, Murcote, crua",-2.102380952380952,31.514999999999993,2424.53
38,"Macarrão, instantâneo","Iogurte, natural","Ameixa, calda, enlatada","Bolo, pronto, coco","Feijão, rosinha, cozido","Cebola, crua","Croquete, de carne, frito","Omelete, de queijo","Coco, água de","Batata, baroa, cozida","Pescadinha, crua","Queijo, minas, frescal","Farinha, de mandioca, torrada","Azeite, de dendê","Umbu, cru",-2.4,34.617,2475.3900000000003
39,"Canjica, com leite integral","Queijo, parmesão","Ameixa, em calda, enlatada, drenada","Cereais, milho, flocos, sem sal","Tremoço, em conserva","Taioba, crua","Frango, coxa, sem pele, crua","Ovo, de galinha, clara, cozida/10minutos","Refrigerante, tipo limão","Cará, cozido","Pescada, branca, frita","Iogurte, sabor morango","Pepino, cru","Azeite, de dendê","Goiaba, doce, cascão",-2.40952380952381,35.827,2436.3810000000003
40,"Pipoca, com óleo de soja, sem sal",Creme de Leite,"Açaí, polpa, congelada","Creme de milho, pó","Grão-de-bico, cru","Cenoura, cozida","Carne, bovina, miolo de alcatra, sem gordura, cru","Ovo, de galinha, inteiro, frito","Limão, galego, suco","Almeirão, refogado","Cação, posta, com farinha de trigo, frita","Queijo, requeijão, cremoso","Abóbora, cabotian, crua","Óleo, de girassol","Abacaxi, polpa, congelada",-2.533333333333333,39.63300000000001,2410.436
41,"Farinha, de arroz, enriquecida","Leite, fermentado","Pequi, cru","Bolo, pronto, coco","Amendoim, grão, cru","Taioba, crua","Carne, bovina, coxão mole, sem gordura, cru","Ovo, de galinha, clara, cozida/10minutos","Limão, galego, suco","Tomate, purê","Cação, posta, com farinha de trigo, frita","Queijo, petit suisse, morango","Pepino, cru","Óleo, de girassol","Goiaba, doce, cascão",-2.6,44.36300000000001,2412.248
42,"Cereais, mingau, milho, infantil","Queijo, requeijão, cremoso","Laranja, lima, crua","Bolo, mistura para","Feijão, carioca, cru","Espinafre, Nova Zelândia, refogado","Carne, bovina, flanco, sem gordura, cozido","Ovo, de galinha, inteiro, cozido/10minutos","Café, infusão 10%","Mandioca, frita","Pescada, branca, frita",Creme de Leite,"Tomate, purê","Azeite, de dendê","Tamarindo, cru",-2.6666666666666665,62.062,2486.196
43,"Biscoito, doce, maisena","Iogurte, natural, desnatado","Fruta-pão, crua","Pipoca, com óleo de soja, sem sal","Feijão, roxo, cru","Beterraba, cozida","Empada de frango, pré-cozida, assada","Ovo, de galinha, inteiro, cozido/10minutos","Uva, suco concentrado, envasado","Jurubeba, crua","Corvina grande, assada",Creme de Leite,"Manjericão, cru","Óleo, de girassol","Cajá-Manga, cru",-2.7333333333333334,70.334,3569.252
44,"Cereais, mistura para vitamina, trigo, cevada e aveia","Leite, condensado","Goiaba, vermelha, com casca, crua","Cereal matinal, milho, açúcar","Feijão, jalo, cru","Cenoura, crua","Carne, bovina, charque, cozido","Ovo, de galinha, gema, cozida/10minutos","Cana, aguardente 1","Batata, frita, tipo chips, industrializada","Pescada, filé, com farinha de trigo, frito",Creme de Leite,"Fécula, de mandioca","Margarina, com óleo hidrogenado, sem sal (80% de lipídeos)","Açaí, polpa, com xarope de guaraná e glucose",-2.8,81.664,3981.4689999999996
45,"Cereais, mingau, milho, infantil","Leite, de vaca, desnatado, UHT","Jambo, cru","Cereal matinal, milho, açúcar","Tremoço, em conserva","Mandioca, crua","Porco, rabo, salgado, cru","Omelete, de queijo","Limão, galego, suco","Cenoura, cozida","Corimbatá, assado","Leite, condensado","Alface, americana, crua","Azeite, de dendê","Ciriguela, crua",-1.6738095238095239,31.757,2411.868
46,"Arroz, tipo 1, cozido","Iogurte, natural","Goiaba, doce em pasta","Pastel, de queijo, frito","Feijão, rosinha, cozido","Chicória, crua","Frango, coxa, sem pele, cozida","Omelete, de queijo","Bebida isotônica, sabores variados","Mandioca, frita","Cação, posta, com farinha de trigo, frita","Leite, de vaca, desnatado, UHT","Nhoque, batata, cozido","Azeite, de oliva, extra virgem","Umbu, cru",-2.4,34.914,3750.4049999999997
47,"Biscoito, doce, wafer, recheado de chocolate","Queijo, requeijão, cremoso","Tangerina, Poncã, crua","Pipoca, com óleo de soja, sem sal","Soja, farinha","Beterraba, crua","Carne, bovina, seca, cozida","Ovo, de galinha, clara, cozida/10minutos","Refrigerante, tipo limão","Mandioca, frita","Camarão, Sete Barbas, sem cabeça, com casca, frito","Iogurte, sabor pêssego","Tomate, molho industrializado","Óleo, de girassol","Pêra, Park, crua",-2.466666666666667,40.172,2787.894999999999
48,"Cereais, mingau, milho, infantil","Leite, de vaca, desnatado, UHT","Goiaba, vermelha, com casca, crua","Lasanha, massa fresca, cozida","Feijão, rosinha, cru","Alho-poró, cru","Carne, bovina, acém, moído, cru","Omelete, de queijo","Limão, galego, suco","Cará, cru","Salmão, filé, com pele, fresco,  grelhado","Queijo, mozarela","Mandioca, crua","Óleo, de milho","Maçã, Argentina, com casca, crua",-2.6,46.079,2413.3399999999997
49,"Cereais, mingau, milho, infantil","Queijo, minas, frescal","Goiaba, branca, com casca, crua","Pastel, de carne, frito","Amendoim, torrado, salgado","Espinafre, Nova Zelândia, refogado","Carne, bovina, costela, assada","Ovo, de galinha, inteiro, frito","Uva, suco concentrado, envasado","Quiabo, cru","Pescada, branca, frita",Creme de Leite,"Cará, cozido","Óleo, de pequi","Tamarindo, cru",-2.6666666666666665,62.821000000000005,3117.6800000000003
50,"Torrada, pão francês","Bebida láctea, pêssego","Acerola, crua","Mingau tradicional, pó","Feijão, rosinha, cozido","Mandioca, crua","Carne, bovina, contra-filé de costela, cru","Ovo, de galinha, gema, cozida/10minutos","Chá, erva-doce, infusão 5%","Beterraba, crua","Cação, posta, com farinha de trigo, frita","Queijo, ricota","Batata, doce, cozida","Óleo, de girassol","Romã, crua",-2.666666666666667,74.25000000000001,2704.786
51,"Pipoca, com óleo de soja, sem sal","Queijo, parmesão","Jabuticaba, crua","Pastel, de carne, frito","Feijão, jalo, cozido","Quiabo, cru","Carne, bovina, costela, assada","Omelete, de queijo","Refrigerante, tipo limão","Feijão, broto, cru","Corimba, cru",Creme de Leite,"Abóbora, pescoço, crua","Manteiga, com sal","Jambo, cru",-2.7333333333333334,80.32200000000002,2866.77
52,"Pastel, massa, frita","Iogurte, natural, desnatado","Fruta-pão, crua","Farinha, de rosca","Feijão, roxo, cru","Polvilho, doce","Carne, bovina, fraldinha, com gordura, crua","Ovo, de galinha, inteiro, cozido/10minutos","Limão, galego, suco","Abobrinha, italiana, refogada","Cação, posta, com farinha de trigo, frita",Creme de Leite,"Manjericão, cru","Óleo, de girassol","Cajá-Manga, cru",-2.8,119.713,3980.0810000000006
53,"Pipoca, com óleo de soja, sem sal","Leite, de vaca, integral, pó","Umbu, cru","Pipoca, com óleo de soja, sem sal","Tremoço, em conserva","Mandioca, cozida","Croquete, de carne, cru","Ovo, de galinha, clara, cozida/10minutos","Bebida isotônica, sabores variados","Mostarda, folha, crua","Pintado, assado","Iogurte, sabor abacaxi","Abobrinha, italiana, refogada","Óleo, de milho","Umbu, cru",-2.4,35.38700000000001,2417.635
54,"Bolo, pronto, aipim","Queijo, parmesão","Açaí, polpa, congelada","Creme de milho, pó","Amendoim, torrado, salgado","Mostarda, folha, crua","Carne, bovina, picanha, sem gordura, grelhada","Omelete, de queijo","Coco, água de","Mandioca, frita","Pescada, filé, com farinha de trigo, frito","Queijo, mozarela","Tomate, purê","Óleo, de girassol","Manga, Tommy Atkins, crua",-2.466666666666667,40.19400000000001,2585.3190000000004
55,"Pão, glúten, forma","Iogurte, sabor pêssego","Ameixa, em calda, enlatada, drenada","Pão, milho, forma","Feijão, rosinha, cozido","Chuchu, cozido","Lingüiça, frango, crua","Omelete, de queijo","Cana, aguardente 1","Quiabo, cru","Pescada, branca, frita","Iogurte, sabor abacaxi","Alho-poró, cru","Óleo, de milho","Mexerica, Murcote, crua",-2.533333333333333,47.025000000000006,3529.956
56,"Lasanha, massa fresca, cozida","Iogurte, sabor morango","Ameixa, em calda, enlatada, drenada","Pastel, de carne, frito","Feijão, jalo, cru","Pão, de queijo, assado","Carne, bovina, coxão mole, sem gordura, cru","Omelete, de queijo","Limão, cravo, suco","Farinha, de mandioca, crua","Salmão, filé, com pele, fresco,  grelhado","Leite, de vaca, integral, pó","Cará, cru","Óleo, de girassol","Laranja, da terra, crua",-2.6,48.422000000000004,2405.2780000000002
57,"Curau, milho verde","Queijo, parmesão","Pequi, cru","Pastel, massa, crua","Soja, extrato solúvel, pó","Mandioca, frita","Empada de frango, pré-cozida, assada","Ovo, de galinha, inteiro, cozido/10minutos","Coco, água de","Coentro, folhas desidratadas","Atum, fresco, cru",Creme de Leite,"Almeirão, refogado","Óleo, de girassol","Cajá-Manga, cru",-2.6666666666666665,74.954,3135.6679999999997
58,"Curau, milho verde","Leite, de vaca, desnatado, pó","Pequi, cru","Pastel, massa, crua","Feijão, roxo, cru","Alface, americana, crua","Carne, bovina, flanco, sem gordura, cru","Ovo, de galinha, inteiro, cozido/10minutos","Laranja, baía, suco","Repolho, branco, cru","Atum, fresco, cru",Creme de Leite,"Almeirão, refogado","Margarina, com óleo hidrogenado, com sal (65% de lipídeos)","Cajá-Manga, cru",-2.685714285714286,81.818,2626.951
59,"Pastel, massa, crua","Queijo, minas, meia cura","Banana, figo, crua","Pastel, de queijo, frito","Grão-de-bico, cru","Mandioca, farofa, temperada","Frango, fígado, cru","Ovo, de galinha, clara, cozida/10minutos","Laranja, valência, suco","Batata, inglesa, frita","Corimbatá, assado","Queijo, minas, meia cura","Rabanete, cru","Óleo, de girassol","Banana, da terra, crua",-2.7333333333333334,91.14599999999999,2627.1189999999997
60,"Macarrão, trigo, cru","Leite, condensado","Laranja, baía, crua","Cereal matinal, milho, açúcar","Amendoim, torrado, salgado","Cebola, crua","Presunto, com capa de gordura","Omelete, de queijo","Limão, galego, suco","Chicória, crua","Corvina de água doce, crua","Leite, fermentado","Pimentão, vermelho, cru","Óleo, de babaçu","Ameixa, calda, enlatada",-2.283333333333333,35.772000000000006,2460.364
61,"Cereal matinal, milho","Iogurte, sabor pêssego","Pequi, cru","Pão, glúten, forma","Paçoca, amendoim","Pimentão, amarelo, cru",Apresuntado,"Omelete, de queijo","Coco, água de","Abobrinha, italiana, cozida","Cação, posta, com farinha de trigo, frita","Queijo, mozarela","Abóbora, cabotian, crua","Azeite, de oliva, extra virgem","Abacaxi, polpa, congelada",-2.35,37.697,2406.936
62,"Canjica, com leite integral","Queijo, ricota","Goiaba, doce em pasta","Arroz, integral, cru","Feijão, carioca, cru","Mandioca, crua","Caldo de carne, tablete","Ovo, de galinha, clara, cozida/10minutos","Refrigerante, tipo limão","Berinjela, crua","Manjuba, com farinha de trigo, frita","Iogurte, sabor pêssego","Farinha, de mandioca, crua","Margarina, com óleo interesterificado, com sal (65%de lipídeos)","Pinha, crua",-2.4,39.852999999999994,2415.898
63,"Arroz, tipo 2, cru","Queijo, prato","Umbu, cru","Pastel, de carne, frito","Amendoim, torrado, salgado","Quiabo, cru","Carne, bovina, costela, assada","Omelete, de queijo","Coco, água de","Jurubeba, crua","Bacalhau, salgado, refogado","Iogurte, natural","Repolho, roxo, cru","Óleo, de girassol","Maracujá, cru",-2.4166666666666665,40.425000000000004,2619.7529999999997
64,"Pão, trigo, forma, integral","Leite, fermentado","Goiaba, doce em pasta","Biscoito, doce, recheado com chocolate","Feijão, carioca, cru","Alface, roxa, crua","Carne, bovina, acém, sem gordura, cru","Omelete, de queijo","Limão, cravo, suco","Farinha, de mandioca, torrada","Dourada de água doce, fresca","Queijo, parmesão","Nhoque, batata, cozido","Óleo, de pequi","Pitanga, crua",-2.466666666666667,41.591,4505.113999999999
65,"Pão, de soja","Queijo, petit suisse, morango","Abiu, cru","Mingau tradicional, pó","Feijão, rosinha, cozido","Rabanete, cru","Carne, bovina, contra-filé de costela, cru","Ovo, de galinha, gema, cozida/10minutos","Chá, erva-doce, infusão 5%","Alface, crespa, crua","Corimba, cru","Queijo, pasteurizado","Farinha, de mandioca, torrada","Margarina, com óleo interesterificado, sem sal (65% de lipídeos)","Romã, crua",-2.4833333333333334,49.247,2429.8250000000003
66,"Arroz, tipo 1, cozido","Queijo, mozarela","Pequi, cru","Milho, fubá, cru","Feijão, preto, cru","Catalonha, crua","Carne, bovina, costela, assada","Ovo, de codorna, inteiro, cru","Café, infusão 10%","Polvilho, doce","Abadejo, filé, congelado, assado","Iogurte, sabor abacaxi","Batata, baroa, cozida","Azeite, de dendê","Umbu, cru",-2.533333333333333,50.655,2449.1620000000003
67,"Cereais, milho, flocos, sem sal","Leite, de cabra","Tamarindo, cru","Pastel, de queijo, cru","Feijão, fradinho, cru","Abobrinha, italiana, cozida","Lingüiça, frango, grelhada","Ovo, de galinha, clara, cozida/10minutos","Laranja, baía, suco","Mandioca, frita","Bacalhau, salgado, refogado","Leite, de vaca, desnatado, pó","Cenoura, cozida","Óleo, de girassol","Uva, Rubi, crua",-2.6,60.14800000000001,2423.6839999999993
68,"Pastel, massa, crua","Leite, de vaca, integral, pó","Jambo, cru","Pastel, de queijo, frito","Feijão, preto, cru","Catalonha, crua","Carne, bovina, costela, assada","Ovo, de codorna, inteiro, cru","Café, infusão 10%","Polvilho, doce","Abadejo, filé, congelado, assado","Iogurte, sabor abacaxi","Batata, inglesa, crua","Óleo, de canola","Umbu, cru",-2.6666666666666665,76.637,2424.171
69,"Cereais, mingau, milho, infantil","Iogurte, natural","Pequi, cru","Mingau tradicional, pó","Grão-de-bico, cru","Alho, cru","Frango, peito, com pele, cru","Ovo, de galinha, clara, cozida/10minutos","Cana, caldo de","Tomate, purê","Corimbatá, assado","Queijo, requeijão, cremoso","Abóbora, cabotian, crua","Óleo, de girassol","Fruta-pão, crua",-2.7333333333333334,91.92699999999999,2427.859
70,"Pão, aveia, forma","Queijo, petit suisse, morango","Goiaba, doce em pasta","Cereal matinal, milho, açúcar","Amendoim, torrado, salgado","Alface, americana, crua","Lingüiça, frango, grelhada","Ovo, de galinha, clara, cozida/10minutos","Café, infusão 10%","Cará, cozido","Bacalhau, salgado, refogado","Leite, de vaca, integral, pó","Alho, cru","Margarina, com óleo interesterificado, com sal (65%de lipídeos)","Banana, doce em barra",-2.216666666666667,36.20099999999999,3431.6499999999996
71,"Cereais, mingau, milho, infantil","Queijo, parmesão","Tamarindo, cru","Pastel, massa, crua","Soja, extrato solúvel, pó","Mandioca, frita","Carne, bovina, paleta, sem gordura, crua","Ovo, de galinha, clara, cozida/10minutos","Bebida isotônica, sabores variados","Mandioca, crua","Salmão, filé, com pele, fresco,  grelhado","Iogurte, sabor pêssego","Almeirão, refogado","Margarina, com óleo hidrogenado, com sal (65% de lipídeos)","Laranja, valência, crua",-2.2666666666666666,38.895999999999994,4342.545
72,"Pastel, massa, crua","Iogurte, sabor morango","Ameixa, em calda, enlatada, drenada","Pastel, de queijo, frito","Feijão, fradinho, cru","Mandioca, farofa, temperada","Frango, coração, cru","Ovo, de galinha, clara, cozida/10minutos","Bebida isotônica, sabores variados","Alho-poró, cru","Pescada, branca, frita","Leite, de vaca, integral, pó","Agrião, cru","Óleo, de girassol","Jambo, cru",-2.333333333333333,40.568,2414.02
73,"Farinha, de arroz, enriquecida","Bebida láctea, pêssego","Goiaba, doce em pasta","Pão, trigo, francês","Feijão, rosinha, cru","Taioba, crua","Frango, coxa, sem pele, cozida","Omelete, de queijo","Coco, água de","Mandioca, cozida","Bacalhau, salgado, refogado","Leite, de vaca, integral","Tomate, molho industrializado","Óleo, de girassol","Uva, Rubi, crua",-2.466666666666667,42.339000000000006,3833.115999999999
74,"Creme de milho, pó","Queijo, requeijão, cremoso","Macaúba, crua","Pastel, massa, crua","Grão-de-bico, cru","Cenoura, cozida","Frango, peito, com pele, cru","Ovo, de galinha, clara, cozida/10minutos","Laranja, da terra, suco","Farinha, de mandioca, torrada","Dourada de água doce, fresca","Queijo, mozarela","Brócolis, cozido","Óleo, de canola","Jamelão, cru",-2.533333333333333,51.29299999999999,2445.8480000000004
75,"Arroz, tipo 1, cru","Iogurte, sabor pêssego","Macaúba, crua","Cereal matinal, milho, açúcar","Amendoim, torrado, salgado","Pimentão, amarelo, cru","Carne, bovina, costela, assada","Ovo, de galinha, clara, cozida/10minutos","Laranja, pêra, suco","Abobrinha, italiana, cozida","Salmão, sem pele, fresco, cru","Leite, condensado","Farinha, de mandioca, crua","Óleo, de milho","Jambo, cru",-2.6,60.390000000000015,2544.935
76,"Lasanha, massa fresca, cozida","Queijo, minas, meia cura","Pequi, cru","Farinha, de rosca","Amendoim, torrado, salgado","Chuchu, cozido","Carne, bovina, patinho, sem gordura, cru","Omelete, de queijo","Uva, suco concentrado, envasado","Abóbora, cabotian, cozida","Corimba, cru",Creme de Leite,"Pimentão, verde, cru","Óleo, de girassol","Uva, Rubi, crua",-2.6285714285714286,91.289,3716.091
77,"Cereais, mistura para vitamina, trigo, cevada e aveia","Queijo, prato","Atemóia, crua","Milho, verde, cru","Feijão, rosinha, cru","Quiabo, cru","Hambúrguer, bovino, grelhado","Ovo, de galinha, inteiro, cru","Uva, suco concentrado, envasado","Feijão, broto, cru","Pintado, grelhado",Creme de Leite,"Manjericão, cru","Óleo, de babaçu","Mamão verde, doce em calda, drenado",-2.6666666666666665,97.58099999999999,3109.2009999999996
78,"Cereais, milho, flocos, sem sal","Queijo, pasteurizado","Tamarindo, cru","Pastel, de queijo, frito","Feijão, fradinho, cru","Taioba, crua","Frango, fígado, cru","Ovo, de galinha, clara, cozida/10minutos","Café, infusão 10%","Mandioca, frita","Abadejo, filé, congelado, assado","Queijo, minas, meia cura","Seleta de legumes, enlatada","Manteiga, com sal","Umbu, cru",-2.685714285714286,106.348,3315.748
79,"Lasanha, massa fresca, cozida","Iogurte, sabor pêssego","Fruta-pão, crua","Cereal matinal, milho","Feijão, jalo, cru","Caruru, cru","Carne, bovina, fraldinha, com gordura, crua","Ovo, de galinha, clara, cozida/10minutos","Refrigerante, tipo guaraná","Manjericão, cru","Salmão, filé, com pele, fresco,  grelhado",Creme de Leite,"Batata, baroa, cozida","Margarina, com óleo hidrogenado, com sal (65% de lipídeos)","Cajá-Manga, cru",-2.7142857142857144,107.22799999999998,3004.6270000000004
80,"Curau, milho verde, mistura para","Queijo, pasteurizado","Tamarindo, cru","Creme de milho, pó","Guandu, cru","Manjericão, cru","Carne, bovina, contra-filé de costela, grelhado","Ovo, de galinha, inteiro, frito","Limão, galego, suco","Almeirão, refogado","Salmão, filé, com pele, fresco,  grelhado","Queijo, petit suisse, morango","Palmito, juçara, em conserva","Óleo, de babaçu","Mamão, doce em calda, drenado",-1.2738095238095237,37.333999999999996,4562.043
81,"Cereais, milho, flocos, sem sal","Iogurte, sabor pêssego","Goiaba, doce em pasta","Lasanha, massa fresca, cozida","Ervilha, em vagem","Chicória, crua","Carne, bovina, costela, crua","Ovo, de galinha, clara, cozida/10minutos","Coco, água de","Catalonha, crua","Merluza, filé, assado","Queijo, petit suisse, morango","Tomate, purê","Óleo, de girassol","Manga, Tommy Atkins, crua",-2.1666666666666665,39.743,2446.736999999999
82,"Pão, aveia, forma","Queijo, mozarela","Tamarindo, cru","Torrada, pão francês","Feijão, fradinho, cru","Tomate, salada","Carne, bovina, filé mingnon, sem gordura, cru","Ovo, de galinha, clara, cozida/10minutos","Café, infusão 10%","Cará, cozido","Porquinho, cru","Queijo, minas, frescal","Tomate, purê","Óleo, de girassol","Uva, Rubi, crua",-2.283333333333333,43.21900000000001,2459.525
83,"Farinha, de centeio, integral","Iogurte, sabor morango","Cacau, cru","Pipoca, com óleo de soja, sem sal","Tremoço, em conserva","Mandioca, cozida","Carne, bovina, patinho, sem gordura, cru","Omelete, de queijo","Refrigerante, tipo água tônica","Mostarda, folha, crua","Sardinha, inteira, crua","Queijo, pasteurizado","Abóbora, pescoço, crua","Óleo, de milho","Cacau, cru",-2.457142857142857,43.802,2540.343
84,"Lasanha, massa fresca, cozida","Iogurte, sabor pêssego","Pequi, cru","Pastel, de carne, cru","Feijão, carioca, cru","Pimentão, amarelo, cru",Apresuntado,"Omelete, de queijo","Cana, aguardente 1","Abobrinha, italiana, cozida","Sardinha, inteira, crua","Queijo, mozarela","Abóbora, pescoço, crua","Óleo, de girassol","Abacaxi, cru",-2.466666666666667,44.671,3355.0899999999997
85,"Cereais, mistura para vitamina, trigo, cevada e aveia","Leite, de vaca, desnatado, UHT","Macaúba, crua","Arroz, integral, cru","Grão-de-bico, cru","Catalonha, crua","Frango, coxa, com pele, assada","Ovo, de codorna, inteiro, cru","Tangerina, Poncã, suco","Mandioca, crua","Pintado, grelhado","Leite, de vaca, desnatado, UHT","Inhame, cru","Óleo, de soja","Limão, tahiti, cru",-2.533333333333333,52.305,3079.0
86,"Milho, verde, enlatado, drenado","Queijo, petit suisse, morango","Melão, cru","Pastel, de queijo, frito","Feijão, preto, cru","Tomate, com semente, cru","Carne, bovina, flanco, sem gordura, cozido","Ovo, de galinha, inteiro, cru","Refrigerante, tipo água tônica","Polvilho, doce","Tucunaré, filé, congelado, cru","Leite, condensado","Mandioca, farofa, temperada","Óleo, de soja","Jambo, cru",-2.6,60.566,2412.4770000000003
87,"Farinha, de rosca","Queijo, requeijão, cremoso","Macaúba, crua","Pastel, massa, crua","Amendoim, torrado, salgado","Cenoura, cozida","Carne, bovina, fígado, cru","Ovo, de galinha, clara, cozida/10minutos","Laranja, da terra, suco","Farinha, de mandioca, torrada","Abadejo, filé, congelado, grelhado","Leite, condensado","Brócolis, cozido","Óleo, de milho","Açaí, polpa, congelada",-2.6666666666666665,119.746,2413.6290000000004
88,"Pipoca, com óleo de soja, sem sal","Queijo, parmesão","Abacate, cru","Pastel, de carne, frito","Feijão, jalo, cozido","Abóbora, cabotian, crua","Carne, bovina, costela, assada","Omelete, de queijo","Bebida isotônica, sabores variados","Cará, cozido","Corimba, cru","Queijo, petit suisse, morango","Tomate, purê","Manteiga, sem sal","Cacau, cru",-1.1404761904761906,39.86399999999999,3094.1539999999995
89,"Biscoito, doce, maisena","Iogurte, natural, desnatado","Umbu, cru","Curau, milho verde, mistura para","Feijão, roxo, cru","Mandioca, cozida","Carne, bovina, patinho, sem gordura, cru","Ovo, de galinha, clara, cozida/10minutos","Uva, suco concentrado, envasado","Jurubeba, crua","Corvina grande, assada","Leite, de vaca, integral, pó","Manjericão, cru","Óleo, de milho","Umbu, cru",-2.1555555555555554,40.018,2753.484
90,"Cereais, mingau, milho, infantil","Leite, de vaca, desnatado, pó","Tamarindo, cru","Biscoito, doce, wafer, recheado de chocolate","Soja, extrato solúvel, natural, fluido","Salsa, crua","Frango, coxa, com pele, assada","Ovo, de galinha, inteiro, frito","Limão, galego, suco","Almeirão, refogado","Corimbatá, assado","Leite, condensado","Palmito, juçara, em conserva","Azeite, de oliva, extra virgem","Mamão, doce em calda, drenado",-2.216666666666667,44.22,4576.434
91,"Pipoca, com óleo de soja, sem sal","Queijo, prato","Pequi, cru","Farinha, láctea, de cereais","Feijão, carioca, cozido","Repolho, roxo, refogado",Apresuntado,"Ovo, de galinha, inteiro, frito","Limão, galego, suco","Feijão, broto, cru","Pescada, filé, frito","Bebida láctea, pêssego","Abóbora, cabotian, cozida","Margarina, com óleo hidrogenado, sem sal (80% de lipídeos)","Pêra, Park, crua",-2.276190476190476,45.49600000000001,2423.489
92,"Biscoito, doce, wafer, recheado de chocolate","Queijo, requeijão, cremoso","Pequi, cru","Farinha, láctea, de cereais","Feijão, preto, cru","Alface, roxa, crua","Carne, bovina, lagarto, cru","Omelete, de queijo","Refrigerante, tipo água tônica","Mandioca, frita","Bacalhau, salgado, refogado","Queijo, requeijão, cremoso","Tomate, purê","Óleo, de girassol","Abacaxi, polpa, congelada",-2.3619047619047615,49.126,4418.791
93,"Farinha, de arroz, enriquecida","Iogurte, natural, desnatado","Macaúba, crua","Arroz, tipo 1, cozido","Amendoim, torrado, salgado","Pimentão, amarelo, cru","Carne, bovina, charque, cozido","Omelete, de queijo","Laranja, da terra, suco","Farinha, de mandioca, crua","Corvina grande, assada","Leite, de vaca, integral, pó","Alface, roxa, crua","Óleo, de milho","Graviola, crua",-2.466666666666667,50.49000000000001,2410.1479999999992
94,"Bolo, pronto, aipim","Iogurte, natural","Goiaba, doce em pasta","Curau, milho verde, mistura para","Feijão, jalo, cozido","Chicória, crua","Frango, inteiro, com pele, cru","Ovo, de galinha, clara, cozida/10minutos","Bebida isotônica, sabores variados","Mandioca, cozida","Cação, posta, com farinha de trigo, frita","Queijo, petit suisse, morango","Abóbora, cabotian, crua","Óleo, de girassol","Banana, da terra, crua",-2.533333333333333,53.60300000000001,2493.1310000000003
95,"Pastel, massa, crua","Iogurte, natural","Fruta-pão, crua","Farinha, de rosca","Amendoim, torrado, salgado","Polvilho, doce","Frango, fígado, cru","Ovo, de galinha, clara, cozida/10minutos","Limão, galego, suco","Maxixe, cru","Abadejo, filé, congelado, assado","Queijo, minas, meia cura","Rabanete, cru","Óleo, de milho","Cajá-Manga, cru",-2.5714285714285716,70.79599999999999,2412.1659999999997
96,"Macarrão, trigo, cru","Leite, condensado","Macaúba, crua","Cereal matinal, milho, açúcar","Amendoim, torrado, salgado","Quiabo, cru","Presunto, com capa de gordura","Ovo, de galinha, clara, cozida/10minutos","Cana, aguardente 1","Alfavaca, crua","Lambari, congelado, frito",Creme de Leite,"Abobrinha, paulista, crua","Óleo, de babaçu","Caqui, chocolate, cru",-2.6,71.86300000000001,4035.631999999999
97,"Farinha, de trigo","Queijo, parmesão","Açaí, polpa, congelada","Milho, verde, cru","Amendoim, grão, cru","Quiabo, cru","Empada de frango, pré-cozida, assada","Omelete, de queijo","Coco, água de","Feijão, broto, cru","Cação, posta, com farinha de trigo, frita",Creme de Leite,"Manjericão, cru","Óleo, de babaçu","Uva, Rubi, crua",-2.6666666666666665,124.003,3522.813
98,"Arroz, integral, cru","Queijo, minas, meia cura","Macaúba, crua","Pão, de soja","Amendoim, torrado, salgado","Abobrinha, italiana, refogada","Croquete, de carne, cru","Omelete, de queijo","Limão, galego, suco","Taioba, crua","Porquinho, cru","Bebida láctea, pêssego","Cará, cozido","Óleo, de milho","Mamão, doce em calda, drenado",-1.7690476190476192,41.084999999999994,3441.0689999999995
99,"Pipoca, com óleo de soja, sem sal","Bebida láctea, pêssego","Tamarindo, cru","Pastel, de carne, frito","Feijão, rajado, cru","Abóbora, moranga, refogada","Carne, bovina, patinho, sem gordura, cru","Omelete, de queijo","Coco, água de","Mandioca, cozida","Cação, posta, com farinha de trigo, frita","Queijo, requeijão, cremoso","Pimentão, verde, cru","Óleo, de girassol","Pequi, cru",-2.6,74.11800000000001,2415.0389999999998
100,"Pipoca, com óleo de soja, sem sal","Iogurte, sabor pêssego","Manga, Tommy Atkins, crua","Pastel, de carne, frito","Feijão, jalo, cru","Quiabo, cru","Hambúrguer, bovino, grelhado","Ovo, de galinha, inteiro, cozido/10minutos","Café, infusão 10%","Feijão, broto, cru","Lambari, fresco, cru",Creme de Leite,"Almeirão, refogado","Margarina, com óleo hidrogenado, sem sal (80% de lipídeos)","Maracujá, cru",-2.8666666666666667,87.38399999999997,2995.015
101,"Pastel, massa, crua","Leite, de vaca, desnatado, UHT","Jambo, cru","Lasanha, massa fresca, cozida","Tremoço, cru","Mandioca, farofa, temperada","Carne, bovina, língua, cozida","Ovo, de codorna, inteiro, cru","Limão, cravo, suco","Polvilho, doce","Corimbatá, assado","Queijo, mozarela","Beterraba, cozida","Óleo, de milho","Ciriguela, crua",-1.6095238095238096,109.989,2417.0930000000003
102,"Lasanha, massa fresca, crua","Queijo, parmesão","Tucumã, cru","Farinha, de trigo","Amendoim, grão, cru","Mandioca, crua","Carne, bovina, contra-filé, com gordura, grelhado","Ovo, de galinha, clara, cozida/10minutos","Uva, suco concentrado, envasado","Manjericão, cru","Pescada, filé, com farinha de trigo, frito","Queijo, requeijão, cremoso","Batata, baroa, cozida","Manteiga, sem sal","Caqui, chocolate, cru",-2.295238095238095,78.37500000000001,3701.178
103,"Milho, fubá, cru","Leite, de vaca, desnatado, UHT","Cajá, polpa, congelada","Pastel, de queijo, cru","Lentilha, cozida","Mandioca, frita","Peru, congelado, cru","Ovo, de galinha, clara, cozida/10minutos","Café, infusão 10%","Salsa, crua","Salmão, sem pele, fresco, grelhado","Queijo, requeijão, cremoso","Abobrinha, italiana, crua","Manteiga, sem sal","Caqui, chocolate, cru",-1.542857142857143,154.077,3120.266
104,"Pão, glúten, forma","Leite, de vaca, desnatado, pó","Ameixa, em calda, enlatada, drenada","Canjica, com leite integral","Tremoço, cru","Quiabo, cru","Peru, congelado, cru","Ovo, de galinha, clara, cozida/10minutos","Bebida isotônica, sabores variados","Feijão, broto, cru","Camarão, Rio Grande, grande, cozido","Queijo, requeijão, cremoso","Nhoque, batata, cozido","Óleo, de soja","Caqui, chocolate, cru",-2.283333333333333,37.510000000000005,2410.4390000000003
105,"Farinha, de arroz, enriquecida","Leite, fermentado","Abacate, cru","Bolo, pronto, coco","Feijão, jalo, cozido","Beterraba, crua","Frango, peito, com pele, assado","Ovo, de galinha, inteiro, frito","Laranja, da terra, suco","Inhame, cru","Cação, posta, com farinha de trigo, frita","Leite, fermentado","Mandioca, cozida","Margarina, com óleo hidrogenado, com sal (65% de lipídeos)","Laranja, valência, crua",-0.5714285714285713,140.239,4024.879
106,"Farinha, de arroz, enriquecida","Bebida láctea, pêssego","Pequi, cru","Cereais, mistura para vitamina, trigo, cevada e aveia","Feijão, fradinho, cozido","Manjericão, cru","Frango, peito, sem pele, cozido","Ovo, de galinha, gema, cozida/10minutos","Uva, suco concentrado, envasado","Brócolis, cozido","Cação, posta, com farinha de trigo, frita","Leite, de vaca, achocolatado","Batata, inglesa, crua","Azeite, de oliva, extra virgem","Jabuticaba, crua",-2.466666666666667,89.96900000000001,4797.4490000000005
107,"Biscoito, doce, wafer, recheado de chocolate","Queijo, requeijão, cremoso","Goiaba, doce em pasta","Pastel, de queijo, cru","Feijão, preto, cru","Alho, cru","Carne, bovina, lagarto, cru","Ovo, de galinha, clara, cozida/10minutos","Chá, erva-doce, infusão 5%","Feijão, broto, cru","Atum, conserva em óleo","Queijo, requeijão, cremoso","Batata, baroa, cozida","Óleo, de babaçu","Kiwi, cru",-1.2452380952380953,130.394,2443.443
108,"Bolo, pronto, aipim","Iogurte, sabor abacaxi","Umbu, cru","Pastel, de carne, frito","Feijão, rosinha, cozido","Taioba, crua","Carne, bovina, costela, assada","Omelete, de queijo","Coco, água de","Pão, de queijo, assado","Pescada, filé, com farinha de trigo, frito","Leite, de vaca, integral, pó","Farinha, de mandioca, torrada","Óleo, de pequi","Umbu, cru",-2.6666666666666665,97.438,2423.0539999999996
109,"Pastel, massa, frita",Creme de Leite,"Banana, pacova, crua","Farinha, de rosca","Pé-de-moleque, amendoim","Catalonha, refogada","Carne, bovina, fraldinha, com gordura, crua","Omelete, de queijo","Laranja, lima, suco","Abobrinha, italiana, refogada","Camarão, Rio Grande, grande, cozido","Queijo, mozarela","Acelga, crua","Óleo, de girassol","Tucumã, cru",-2.1523809523809527,84.93100000000001,4770.895
110,"Pão, de soja","Bebida láctea, pêssego","Goiaba, doce em pasta","Biscoito, doce, maisena","Grão-de-bico, cru","Mandioca, farofa, temperada","Croquete, de carne, cru","Ovo, de galinha, gema, cozida/10minutos","Refrigerante, tipo guaraná","Aipo, cru","Bacalhau, salgado, cru","Queijo, minas, frescal","Alface, crespa, crua","Azeite, de oliva, extra virgem","Cupuaçu, cru",-1.3476190476190477,125.99400000000001,5388.505
111,"Farinha, de arroz, enriquecida","Iogurte, natural, desnatado","Ameixa, em calda, enlatada, drenada","Biscoito, doce, recheado com morango","Feijão, rajado, cru","Quiabo, cru","Peru, congelado, cru","Ovo, de galinha, gema, cozida/10minutos","Uva, suco concentrado, envasado","Quiabo, cru","Pescada, filé, com farinha de trigo, frito","Queijo, ricota","Nhoque, batata, cozido","Óleo, de pequi","Kiwi, cru",-1.6357142857142857,96.34899999999999,5214.606
112,"Pão, milho, forma","Queijo, mozarela","Jambo, cru","Pastel, de carne, frito","Feijão, rajado, cozido","Catalonha, crua","Carne, bovina, fígado, grelhado","Ovo, de galinha, inteiro, cru","Tangerina, Poncã, suco","Abobrinha, italiana, refogada","Pintado, cru","Iogurte, natural, desnatado","Pimentão, verde, cru","Óleo, de girassol","Ciriguela, crua",-0.6261904761904763,293.07300000000004,2413.0789999999997
113,"Lasanha, massa fresca, crua","Queijo, pasteurizado","Tamarindo, cru","Mingau tradicional, pó","Feijão, jalo, cozido","Caruru, cru","Carne, bovina, bucho, cozido","Ovo, de galinha, inteiro, cozido/10minutos","Cana, aguardente 1","Couve-flor, crua","Salmão, filé, com pele, fresco,  grelhado",Creme de Leite,"Repolho, roxo, cru","Margarina, com óleo hidrogenado, com sal (65% de lipídeos)","Cupuaçu, cru",-2.55,94.10499999999999,2567.5960000000005
114,"Pão, trigo, francês","Iogurte, sabor morango","Fruta-pão, crua","Macarrão, trigo, cru","Amendoim, torrado, salgado","Polvilho, doce","Carne, bovina, lagarto, cru","Ovo, de galinha, clara, cozida/10minutos","Refrigerante, tipo limão","Abobrinha, italiana, refogada","Pescada, filé, com farinha de trigo, frito","Bebida láctea, pêssego","Mandioca, farofa, temperada","Óleo, de babaçu","Maracujá, cru",-1.5214285714285714,94.71,2861.852
115,"Canjica, com leite integral","Queijo, parmesão","Cajá-Manga, cru","Biscoito, doce, wafer, recheado de morango","Soja, farinha","Taioba, crua","Carne, bovina, miolo de alcatra, sem gordura, grelhado","Omelete, de queijo","Refrigerante, tipo limão","Berinjela, crua","Pescada, branca, frita",Creme de Leite,"Couve, manteiga, refogada","Margarina, com óleo hidrogenado, com sal (65% de lipídeos)","Goiaba, doce, cascão",-1.5714285714285714,161.35899999999998,3716.5210000000006
116,"Farinha, de centeio, integral","Iogurte, natural, desnatado","Pequi, cru","Creme de arroz, pó","Tremoço, em conserva","Abóbora, cabotian, crua","Frango, coxa, sem pele, crua","Omelete, de queijo","Bebida isotônica, sabores variados","Cará, cozido","Pescada, branca, frita","Bebida láctea, pêssego","Brócolis, cru","Margarina, com óleo hidrogenado, com sal (65% de lipídeos)","Uva, Rubi, crua",-2.4,62.10599999999999,4425.1179999999995
117,"Lasanha, massa fresca, cozida","Queijo, parmesão","Açaí, polpa, congelada","Lasanha, massa fresca, cozida","Feijão, jalo, cozido","Quiabo, cru","Carne, bovina, patinho, sem gordura, cru","Ovo, de galinha, inteiro, cru","Laranja, lima, suco","Cenoura, cozida","Corimba, cru","Leite, de vaca, integral, pó","Mandioca, crua","Óleo, de milho","Maracujá, cru",-1.676190476190476,110.583,2585.087
118,"Bolo, mistura para","Queijo, parmesão","Goiaba, doce em pasta","Pastel, de queijo, frito","Grão-de-bico, cru","Chicória, crua","Quibe, cru","Ovo, de galinha, clara, cozida/10minutos","Café, infusão 10%","Alho, cru","Camarão, Rio Grande, grande, cozido","Leite, de vaca, integral, pó","Tomate, purê","Óleo, de girassol","Uva, Rubi, crua",-2.533333333333333,98.82400000000001,2485.439
119,"Pão, glúten, forma","Iogurte, sabor pêssego","Banana, maçã, crua","Cereal matinal, milho, açúcar","Feijão, rajado, cru","Repolho, roxo, refogado","Frango, fígado, cru","Ovo, de galinha, inteiro, frito","Bebida isotônica, sabores variados","Abóbora, pescoço, crua","Abadejo, filé, congelado, assado","Queijo, requeijão, cremoso","Rabanete, cru","Azeite, de oliva, extra virgem","Caqui, chocolate, cru",-0.9333333333333333,125.11399999999998,2649.8480000000004
120,"Pão, trigo, forma, integral","Iogurte, sabor pêssego","Jambo, cru","Cereal matinal, milho, açúcar","Grão-de-bico, cru","Abóbora, moranga, refogada","Presunto, com capa de gordura","Ovo, de codorna, inteiro, cru","Laranja, valência, suco","Couve-flor, crua","Pescada, branca, frita","Queijo, mozarela","Aipo, cru","Azeite, de oliva, extra virgem","Pitanga, crua",-1.8285714285714285,78.936,2419.656
121,"Farinha, de trigo","Queijo, parmesão","Tamarindo, cru","Pão, aveia, forma","Tremoço, em conserva","Espinafre, Nova Zelândia, refogado","Frango, coxa, sem pele, crua","Ovo, de galinha, clara, cozida/10minutos","Coco, água de","Cará, cozido","Pescada, branca, frita","Queijo, pasteurizado","Vagem, crua","Óleo, de babaçu","Caqui, chocolate, cru",-2.533333333333333,32.021,2412.5949999999993
122,"Lasanha, massa fresca, crua","Iogurte, sabor pêssego","Tucumã, cru","Farinha, láctea, de cereais","Ervilha, enlatada, drenada","Manjericão, cru","Frango, fígado, cru","Omelete, de queijo","Laranja, baía, suco","Mandioca, frita","Cação, posta, com farinha de trigo, frita","Queijo, mozarela","Couve, manteiga, crua","Azeite, de oliva, extra virgem","Caqui, chocolate, cru",-2.7333333333333334,85.71199999999999,2505.6550000000007
123,"Farinha, de trigo","Leite, de vaca, integral","Ameixa, em calda, enlatada, drenada","Pastel, de carne, frito","Amendoim, torrado, salgado","Brócolis, cozido","Carne, bovina, charque, cozido","Omelete, de queijo","Coco, água de","Chuchu, cru","Pescada, branca, frita","Leite, de vaca, integral, pó","Tomate, purê","Margarina, com óleo hidrogenado, sem sal (80% de lipídeos)","Mamão, Papaia, cru",-2.466666666666667,61.11599999999999,3907.2479999999996
124,"Farinha, de arroz, enriquecida",Creme de Leite,"Goiaba, doce em pasta","Creme de milho, pó","Feijão, fradinho, cozido","Cenoura, cozida","Carne, bovina, miolo de alcatra, sem gordura, cru","Ovo, de galinha, inteiro, frito","Limão, galego, suco","Almeirão, refogado","Atum, fresco, cru","Queijo, mozarela","Batata, inglesa, crua","Margarina, com óleo interesterificado, sem sal (65% de lipídeos)","Limão, tahiti, cru",-1.6547619047619047,41.876999999999995,3695.0599999999995
125,"Pastel, de queijo, cru","Leite, de vaca, integral, pó","Kiwi, cru","Pão, milho, forma","Tremoço, em conserva","Mandioca, cozida","Croquete, de carne, cru","Ovo, de galinha, clara, cozida/10minutos","Bebida isotônica, sabores variados","Repolho, roxo, refogado","Caranguejo, cozido","Iogurte, sabor abacaxi","Abobrinha, italiana, refogada","Óleo, de milho","Mexerica, Rio, crua",-1.5523809523809522,55.18700000000001,2412.4919999999997
126,"Biscoito, doce, recheado com chocolate","Bebida láctea, pêssego","Abiu, cru","Mingau tradicional, pó","Feijão, rosinha, cozido","Taioba, crua","Carne, bovina, paleta, sem gordura, crua","Omelete, de queijo","Refrigerante, tipo laranja","Aipo, cru","Corimba, cru","Leite, de vaca, integral, pó","Rabanete, cru","Margarina, com óleo interesterificado, sem sal (65% de lipídeos)","Mexerica, Rio, crua",-1.3952380952380952,156.31,3765.037
127,"Lasanha, massa fresca, cozida","Queijo, prato","Ameixa, calda, enlatada","Farinha, de rosca","Grão-de-bico, cru","Cebola, crua","Croquete, de carne, cru","Ovo, de galinha, clara, cozida/10minutos","Refrigerante, tipo guaraná","Cebola, crua","Salmão, filé, com pele, fresco,  grelhado","Queijo, minas, frescal","Farinha, de mandioca, torrada","Margarina, com óleo interesterificado, com sal (65%de lipídeos)","Banana, nanica, crua",-0.033333333333333215,148.67600000000002,4622.376
128,"Pastel, massa, crua","Leite, de vaca, integral, pó","Goiaba, vermelha, com casca, crua","Bolo, pronto, chocolate","Feijão, preto, cru","Cebola, crua","Frango, caipira, inteiro, sem pele, cozido","Ovo, de codorna, inteiro, cru","Café, infusão 10%","Cebola, crua","Corvina grande, assada","Leite, de vaca, integral, pó","Batata, inglesa, crua","Óleo, de girassol","Umbu, cru",-1.5976190476190475,126.37899999999999,2428.4320000000002
129,"Canjica, com leite integral","Iogurte, sabor abacaxi","Abacate, cru","Bolo, mistura para","Grão-de-bico, cru","Caruru, cru","Peru, congelado, assado","Omelete, de queijo","Refrigerante, tipo guaraná","Alho, cru","Pescada, filé, com farinha de trigo, frito",Creme de Leite,"Couve-flor, crua","Margarina, com óleo hidrogenado, com sal (65% de lipídeos)","Goiaba, doce, cascão",-2.7714285714285714,99.737,2964.4380000000006
130,"Lasanha, massa fresca, cozida","Leite, de vaca, integral","Goiaba, doce em pasta","Pastel, massa, crua","Feijão, rajado, cru","Agrião, cru","Lingüiça, porco, frita","Ovo, de galinha, gema, cozida/10minutos","Bebida isotônica, sabores variados","Mandioca, frita","Bacalhau, salgado, refogado","Queijo, minas, frescal","Batata, frita, tipo chips, industrializada","Margarina, com óleo hidrogenado, com sal (65% de lipídeos)","Caju, cru",-1.9333333333333336,108.02000000000001,5757.543000000001
131,"Pastel, massa, crua","Queijo, petit suisse, morango","Jabuticaba, crua","Farinha, láctea, de cereais","Grão-de-bico, cru","Abobrinha, italiana, refogada","Frango, coxa, sem pele, cozida","Ovo, de galinha, clara, cozida/10minutos","Coco, água de","Chuchu, cozido","Cação, posta, com farinha de trigo, frita","Queijo, mozarela","Couve-flor, crua","Óleo, de girassol","Abiu, cru",-1.7904761904761906,183.76599999999996,2465.2219999999998
132,"Lasanha, massa fresca, cozida","Queijo, pasteurizado","Jambo, cru","Pastel, de queijo, frito","Tremoço, em conserva","Agrião, cru","Frango, inteiro, com pele, cru","Ovo, de galinha, clara, cozida/10minutos","Laranja, valência, suco","Nhoque, batata, cozido","Salmão, filé, com pele, fresco,  grelhado","Queijo, prato","Manjericão, cru","Óleo, de soja","Caju, cru",-2.466666666666667,41.338,2660.997
133,"Farinha, de arroz, enriquecida","Queijo, ricota","Uva, Itália, crua","Pastel, de carne, frito","Pé-de-moleque, amendoim","Quiabo, cru","Carne, bovina, patinho, sem gordura, cru","Ovo, de galinha, inteiro, cru","Coco, água de","Mandioca, cozida","Pintado, cru","Leite, de vaca, integral, pó","Pimentão, verde, cru","Óleo, de girassol","Mexerica, Rio, crua",-2.130952380952381,64.46,2767.142
134,"Pão, glúten, forma","Leite, de vaca, desnatado, pó","Goiaba, doce em pasta","Creme de milho, pó","Grão-de-bico, cru","Palmito, pupunha, em conserva","Frango, coxa, sem pele, cozida","Ovo, de codorna, inteiro, cru","Coco, água de","Nhoque, batata, cozido","Dourada de água doce, fresca","Leite, de vaca, integral, pó","Acelga, crua","Óleo, de girassol","Caju, cru",-1.3404761904761904,203.38999999999996,2425.3540000000003
135,"Arroz, tipo 2, cozido","Queijo, parmesão","Jaca, crua","Arroz, tipo 2, cozido","Pé-de-moleque, amendoim","Cará, cru","Frango, asa, com pele, crua","Omelete, de queijo","Chá, preto, infusão 5%","Cará, cozido","Cação, posta, cozida","Queijo, requeijão, cremoso","Tomate, purê","Óleo, de babaçu","Melão, cru",0.033333333333333326,103.01500000000001,3573.1649999999995
136,"Pipoca, com óleo de soja, sem sal","Leite, de vaca, integral","Pequi, cru","Farinha, láctea, de cereais","Feijão, jalo, cozido","Quiabo, cru",Apresuntado,"Ovo, de galinha, inteiro, frito","Maracujá, suco concentrado, envasado","Feijão, broto, cru","Cação, posta, com farinha de trigo, frita","Iogurte, sabor morango","Abóbora, cabotian, crua","Óleo, de milho","Caqui, chocolate, cru",-2.5619047619047617,74.31599999999999,2478.5109999999995
137,"Pão, milho, forma","Queijo, petit suisse, morango","Laranja, pêra, crua","Cereais, mingau, milho, infantil","Feijão, preto, cozido","Abobrinha, italiana, refogada","Carne, bovina, capa de contra-filé, sem gordura, grelhada","Omelete, de queijo","Uva, suco concentrado, envasado","Mandioca, frita","Corimba, cru","Queijo, mozarela","Couve-flor, cozida","Margarina, com óleo interesterificado, com sal (65%de lipídeos)","Banana, maçã, crua",-1.635714285714286,139.73299999999998,4424.262
138,"Bolo, mistura para","Leite, condensado","Goiaba, doce em pasta","Arroz, tipo 2, cru","Feijão, preto, cru","Cebolinha, crua","Peru, congelado, cru","Ovo, de galinha, clara, cozida/10minutos","Chá, erva-doce, infusão 5%","Feijão, broto, cru","Salmão, sem pele, fresco, grelhado","Queijo, requeijão, cremoso","Batata, baroa, crua","Manteiga, sem sal","Caqui, chocolate, cru",-2.1880952380952383,113.44300000000001,3050.209
139,"Farinha, de trigo","Leite, condensado","Açaí, polpa, congelada","Biscoito, doce, recheado com chocolate","Feijão, fradinho, cru","Cará, cru","Frango, peito, sem pele, cozido","Ovo, de codorna, inteiro, cru","Refrigerante, tipo limão","Farinha, de mandioca, torrada","Dourada de água doce, fresca","Queijo, requeijão, cremoso","Tomate, purê","Óleo, de babaçu","Uva, Rubi, crua",-1.314285714285714,210.69400000000002,2737.895
140,"Macarrão, trigo, cru, com ovos","Bebida láctea, pêssego","Goiaba, doce em pasta","Biscoito, doce, recheado com chocolate","Tremoço, cru","Abóbora, menina brasileira, crua","Carne, bovina, acém, sem gordura, cru","Ovo, de galinha, gema, cozida/10minutos","Chá, erva-doce, infusão 5%","Farinha, de mandioca, torrada","Dourada de água doce, fresca","Leite, de vaca, achocolatado","Batata, doce, cozida","Azeite, de dendê","Uva, Rubi, crua",-0.9571428571428572,121.86900000000001,9625.171999999999
141,"Cereal matinal, milho, açúcar","Queijo, pasteurizado","Mamão, Papaia, cru","Farinha, de milho, amarela","Feijão, jalo, cozido","Manjericão, cru","Carne, bovina, costela, crua","Ovo, de galinha, clara, cozida/10minutos","Laranja, baía, suco","Farinha, de mandioca, torrada","Pescada, filé, com farinha de trigo, frito","Leite, condensado","Alho, cru","Óleo, de girassol","Morango, cru",-2.1055555555555556,33.571999999999996,2453.515
142,"Cereais, milho, flocos, sem sal","Queijo, pasteurizado","Tamarindo, cru","Farinha, de rosca","Amendoim, torrado, salgado","Tomate, purê","Carne, bovina, capa de contra-filé, com gordura, crua","Ovo, de galinha, inteiro, cozido/10minutos","Uva, suco concentrado, envasado","Salsa, crua","Dourada de água doce, fresca","Iogurte, sabor morango","Catalonha, crua","Azeite, de dendê","Cacau, cru",-2.216666666666667,85.73400000000001,2955.113
143,"Biscoito, doce, wafer, recheado de chocolate","Queijo, requeijão, cremoso","Goiaba, doce em pasta","Biscoito, doce, recheado com chocolate","Feijão, preto, cru","Mandioca, farofa, temperada","Carne, bovina, capa de contra-filé, com gordura, crua","Ovo, de galinha, clara, cozida/10minutos","Cerveja, pilsen 2","Farinha, de mandioca, torrada","Corvina grande, assada","Iogurte, sabor abacaxi","Mandioca, farofa, temperada","Óleo, de soja","Uva, Rubi, crua",-2.2,37.576,2825.2029999999995
144,"Pastel, massa, crua","Iogurte, sabor pêssego","Mexerica, Rio, crua","Pastel, de queijo, frito","Amendoim, torrado, salgado","Mandioca, farofa, temperada","Frango, fígado, cru","Ovo, de galinha, clara, cozida/10minutos","Café, infusão 10%","Abobrinha, italiana, cozida","Abadejo, filé, congelado, grelhado","Queijo, minas, meia cura","Cebola, crua","Óleo, de milho","Manga, Tommy Atkins, crua",-0.9619047619047617,181.225,2430.819
145,"Creme de arroz, pó","Queijo, parmesão","Maçã, Argentina, com casca, crua","Pastel, de carne, frito","Tremoço, em conserva","Abóbora, cabotian, crua","Frango, caipira, inteiro, com pele, cozido","Omelete, de queijo","Bebida isotônica, sabores variados","Cará, cozido","Merluza, filé, frito","Leite, de vaca, integral, pó","Inhame, cru","Óleo, de pequi","Uva, Rubi, crua",-2.216666666666667,58.596999999999994,2459.939
146,"Pão, glúten, forma","Leite, de vaca, achocolatado","Nêspera, crua","Pastel, de carne, frito","Feijão, jalo, cozido","Abobrinha, italiana, refogada","Carne, bovina, almôndegas, fritas","Omelete, de queijo","Tangerina, Poncã, suco","Pão, de queijo, assado","Corvina de água doce, crua","Leite, de vaca, desnatado, UHT","Almeirão, refogado","Óleo, de soja","Uva, Rubi, crua",-1.4833333333333332,227.48,2450.7389999999996
147,"Pipoca, com óleo de soja, sem sal","Iogurte, sabor pêssego","Tamarindo, cru","Pastel, de carne, frito","Feijão, rosinha, cozido","Cebola, crua","Carne, bovina, maminha, grelhada","Ovo, de galinha, clara, cozida/10minutos","Caju, suco concentrado, envasado","Batata, baroa, cozida","Lambari, fresco, cru","Iogurte, sabor pêssego","Biscoito, polvilho doce","Óleo, de girassol","Mexerica, Rio, crua",-2.216666666666667,103.38900000000002,2785.836
148,"Lasanha, massa fresca, cozida","Leite, de vaca, desnatado, pó","Tamarindo, cru","Mingau tradicional, pó","Grão-de-bico, cru","Caruru, cru","Croquete, de carne, cru","Omelete, de queijo","Laranja, baía, suco","Chuchu, cru","Corvina de água doce, crua",Creme de Leite,"Couve, manteiga, refogada","Óleo, de canola","Banana, ouro, crua",-2.6,92.565,3613.4770000000003
149,"Canjica, com leite integral","Leite, condensado","Ciriguela, crua","Pastel, de queijo, frito","Tremoço, em conserva","Quiabo, cru","Porco, lombo, assado","Ovo, de galinha, gema, cozida/10minutos","Maracujá, suco concentrado, envasado","Berinjela, cozida","Pescada, filé, com farinha de trigo, frito","Queijo, requeijão, cremoso","Biscoito, polvilho doce","Óleo, de babaçu","Abiu, cru",-2.283333333333333,51.105999999999995,2747.612
150,"Pastel, massa, crua","Queijo, pasteurizado","Fruta-pão, crua","Macarrão, trigo, cru, com ovos","Feijão, jalo, cozido","Salsa, crua","Carne, bovina, lagarto, cozido","Ovo, de galinha, clara, cozida/10minutos","Café, infusão 10%","Mandioca, frita","Cação, posta, cozida","Iogurte, sabor pêssego","Pimentão, vermelho, cru","Óleo, de girassol","Laranja, lima, crua",-2.6666666666666665,64.933,2418.9519999999998
151,"Pipoca, com óleo de soja, sem sal","Queijo, minas, frescal","Banana, figo, crua","Lasanha, massa fresca, crua","Grão-de-bico, cru","Abóbora, cabotian, crua","Frango, coxa, sem pele, crua","Ovo, de galinha, inteiro, frito","Limão, galego, suco","Nhoque, batata, cozido","Cação, posta, com farinha de trigo, frita","Iogurte, natural, desnatado","Abóbora, cabotian, crua","Óleo, de babaçu","Uva, Rubi, crua",-1.5619047619047621,152.82299999999995,5425.941999999999
152,"Cereais, mingau, milho, infantil","Leite, de vaca, integral, pó","Graviola, crua","Cereais, mistura para vitamina, trigo, cevada e aveia","Feijão, roxo, cru","Espinafre, Nova Zelândia, refogado","Frango, coxa, sem pele, cozida","Ovo, de galinha, gema, cozida/10minutos","Uva, suco concentrado, envasado","Mandioca, frita","Pescadinha, crua",Creme de Leite,"Tomate, purê","Manteiga, com sal","Banana, da terra, crua",-2.7333333333333334,34.859,3544.8160000000007
153,"Pastel, de carne, frito","Queijo, pasteurizado","Ameixa, em calda, enlatada, drenada","Pastel, de carne, frito","Feijão, fradinho, cru","Abóbora, cabotian, crua","Carne, bovina, costela, assada","Ovo, de galinha, inteiro, cru","Coco, água de","Nhoque, batata, cozido","Corimba, cru","Leite, de vaca, integral, pó","Tomate, purê","Óleo, de milho","Uva, Rubi, crua",-2.1333333333333333,44.792,4347.629999999999
154,"Lasanha, massa fresca, cozida","Leite, de vaca, desnatado, pó","Tamarindo, cru","Arroz, tipo 2, cozido","Feijão, jalo, cru","Tomate, salada","Frango, fígado, cru","Ovo, de galinha, inteiro, frito","Uva, suco concentrado, envasado","Farinha, de mandioca, crua","Lambari, congelado, frito","Leite, de cabra","Repolho, roxo, refogado","Óleo, de canola","Maçã, Argentina, com casca, crua",-0.9619047619047617,140.184,3079.3410000000003
155,"Polenta, pré-cozida","Queijo, minas, meia cura","Acerola, crua","Biscoito, doce, maisena","Grão-de-bico, cru","Caruru, cru","Empada, de frango, pré-cozida","Ovo, de galinha, clara, cozida/10minutos","Chá, preto, infusão 5%","Repolho, branco, cru","Corvina grande, assada",Creme de Leite,"Pão, de queijo, assado","Margarina, com óleo hidrogenado, com sal (65% de lipídeos)","Nêspera, crua",-0.9523809523809524,165.011,2966.557
156,"Arroz, integral, cozido","Iogurte, natural, desnatado","Maçã, Argentina, com casca, crua","Pastel, de carne, frito","Tremoço, em conserva","Quiabo, cru","Carne, bovina, acém, sem gordura, cru","Ovo, de galinha, inteiro, cru","Cana, aguardente 1","Cará, cozido","Camarão, Rio Grande, grande, cozido","Leite, de vaca, integral, pó","Mandioca, cozida","Óleo, de milho","Mexerica, Murcote, crua",-1.8952380952380952,98.813,3008.5529999999994
157,"Macarrão, trigo, cru","Queijo, pasteurizado","Banana, ouro, crua","Biscoito, doce, recheado com morango","Grão-de-bico, cru","Salsa, crua","Carne, bovina, acém, sem gordura, cru","Ovo, de codorna, inteiro, cru","Cana, aguardente 1","Feijão, broto, cru","Abadejo, filé, congelado,cozido","Queijo, mozarela","Couve-flor, crua","Margarina, com óleo hidrogenado, com sal (65% de lipídeos)","Caqui, chocolate, cru",-1.8357142857142859,104.42299999999997,4670.27
158,"Polenta, pré-cozida","Queijo, pasteurizado","Ameixa, em calda, enlatada, drenada","Farinha, láctea, de cereais","Feijão, preto, cozido","Quiabo, cru","Carne, bovina, acém, sem gordura, cru","Ovo, de galinha, gema, cozida/10minutos","Bebida isotônica, sabores variados","Abóbora, moranga, refogada","Pescada, filé, com farinha de trigo, frito","Queijo, requeijão, cremoso","Beterraba, crua","Óleo, de soja","Caqui, chocolate, cru",-2.4,41.60199999999999,2427.7780000000007
159,"Curau, milho verde, mistura para","Leite, condensado","Manga, polpa, congelada","Macarrão, instantâneo","Feijão, jalo, cozido","Nhoque, batata, cozido","Carne, bovina, charque, cozido","Ovo, de galinha, inteiro, frito","Refrigerante, tipo laranja","Chuchu, cru","Pescada, filé, frito","Leite, de vaca, integral, pó","Mostarda, folha, crua","Óleo, de girassol","Cajá-Manga, cru",-1.7619047619047619,145.684,3071.0480000000002
160,"Pipoca, com óleo de soja, sem sal","Queijo, minas, meia cura","Pêssego, enlatado, em calda","Pastel, de carne, frito","Amendoim, torrado, salgado","Espinafre, Nova Zelândia, refogado","Carne, bovina, fraldinha, com gordura, crua","Ovo, de galinha, inteiro, frito","Tangerina, Poncã, suco","Quiabo, cru","Bacalhau, salgado, refogado",Creme de Leite,"Manjericão, cru","Margarina, com óleo hidrogenado, com sal (65% de lipídeos)","Mexerica, Murcote, crua",-0.5333333333333332,297.341,3864.04
161,"Bolo, pronto, coco","Iogurte, sabor pêssego","Açaí, polpa, congelada","Lasanha, massa fresca, cozida","Feijão, fradinho, cozido","Abóbora, moranga, crua","Carne, bovina, costela, crua","Ovo, de galinha, inteiro, cru","Coco, água de","Pimentão, verde, cru","Pintado, assado","Queijo, mozarela","Cará, cozido","Óleo, de babaçu","Uva, Rubi, crua",-1.3976190476190478,166.18799999999996,2512.03
162,"Pipoca, com óleo de soja, sem sal","Queijo, petit suisse, morango","Goiaba, doce em pasta","Pão, milho, forma","Grão-de-bico, cru","Maxixe, cru","Frango, coxa, sem pele, cozida","Ovo, de galinha, clara, cozida/10minutos","Laranja, pêra, suco","Chicória, crua","Abadejo, filé, congelado, assado","Leite, de vaca, achocolatado","Taioba, crua","Azeite, de oliva, extra virgem","Banana, doce em barra",-2.333333333333333,109.241,2451.985
163,"Pipoca, com óleo de soja, sem sal","Queijo, parmesão","Manga, polpa, congelada","Pastel, de carne, frito","Feijão, jalo, cru","Mandioca, cozida","Frango, coxa, sem pele, crua","Ovo, de galinha, clara, cozida/10minutos","Refrigerante, tipo água tônica","Quiabo, cru","Pescada, branca, frita","Leite, de vaca, integral, pó","Almeirão, refogado","Margarina, com óleo interesterificado, sem sal (65% de lipídeos)","Mexerica, Murcote, crua",-0.5690476190476191,105.006,6031.034
164,"Pipoca, com óleo de soja, sem sal","Leite, fermentado","Pequi, cru","Pastel, de queijo, cru","Feijão, jalo, cozido","Alho, cru",Apresuntado,"Ovo, de galinha, clara, cozida/10minutos","Café, infusão 10%","Mandioca, frita","Corvina grande, cozida","Queijo, prato","Abóbora, cabotian, crua","Óleo, de girassol","Carambola, crua",-2.4166666666666665,49.87400000000001,2430.496
165,"Macarrão, trigo, cru, com ovos","Iogurte, sabor morango","Maçã, Fuji, com casca, crua","Bolo, pronto, coco","Feijão, preto, cru","Vagem, crua","Carne, bovina, costela, crua","Ovo, de galinha, clara, cozida/10minutos","Café, infusão 10%","Nhoque, batata, cozido","Pescada, branca, crua","Bebida láctea, pêssego","Mandioca, farofa, temperada","Manteiga, sem sal","Caqui, chocolate, cru",-0.55,200.38699999999997,4806.4220000000005
166,"Biscoito, doce, wafer, recheado de chocolate","Queijo, minas, meia cura","Goiaba, doce em pasta","Pão, glúten, forma","Feijão, preto, cru","Chicória, crua","Carne, bovina, lagarto, cru","Ovo, de codorna, inteiro, cru","Refrigerante, tipo limão","Mandioca, frita","Bacalhau, salgado, refogado","Leite, de vaca, integral, pó","Tomate, purê","Óleo, de babaçu","Mexerica, Murcote, crua",-1.5714285714285712,143.726,3473.6220000000003
167,"Biscoito, doce, wafer, recheado de morango","Leite, fermentado","Pequi, cru","Bolo, pronto, coco","Feijão, jalo, cozido","Quiabo, cru","Carne, bovina, coxão mole, sem gordura, cru","Ovo, de galinha, inteiro, cru","Cana, aguardente 1","Nhoque, batata, cozido","Corvina de água doce, crua","Leite, de vaca, desnatado, pó","Pepino, cru","Margarina, com óleo interesterificado, com sal (65%de lipídeos)","Graviola, polpa, congelada",-2.4833333333333334,56.463,4005.830000000001
168,"Milho, fubá, cru","Queijo, requeijão, cremoso","Pequi, cru","Farinha, láctea, de cereais","Feijão, rajado, cozido","Alho, cru","Lingüiça, porco, grelhada","Omelete, de queijo","Bebida isotônica, sabores variados","Tomate, purê","Porquinho, cru","Queijo, mozarela","Batata, baroa, cozida","Óleo, de girassol","Abacaxi, polpa, congelada",-2.5142857142857142,67.22099999999999,2427.5269999999996
169,"Biscoito, doce, maisena","Iogurte, sabor abacaxi","Tucumã, cru","Farinha, láctea, de cereais","Lentilha, cozida","Pepino, cru","Carne, bovina, costela, crua","Omelete, de queijo","Bebida isotônica, sabores variados","Alface, crespa, crua","Pescadinha, crua","Queijo, requeijão, cremoso","Pão, de queijo, cru","Óleo, de milho","Maçã, Argentina, com casca, crua",-2.7333333333333334,62.74399999999999,2421.003
170,"Pão, glúten, forma","Leite, de vaca, integral","Umbu, polpa, congelada","Milho, fubá, cru","Feijão, rajado, cru","Couve-flor, crua","Carne, bovina, flanco, sem gordura, cru","Ovo, de codorna, inteiro, cru","Cana, aguardente 1","Feijão, broto, cru","Camarão, Rio Grande, grande, cozido","Iogurte, sabor morango","Quiabo, cru","Óleo, de girassol","Açaí, polpa, com xarope de guaraná e glucose",-0.9523809523809522,216.21599999999998,3461.951
171,"Cereais, mingau, milho, infantil","Queijo, mozarela","Goiaba, vermelha, com casca, crua","Lasanha, massa fresca, cozida","Ervilha, enlatada, drenada","Chicória, crua","Carne, bovina, acém, moído, cru","Ovo, de galinha, clara, cozida/10minutos","Refrigerante, tipo limão","Cará, cru","Abadejo, filé, congelado, cru","Leite, de vaca, achocolatado","Couve-flor, cozida","Óleo, de pequi","Maracujá, polpa, congelada",-1.7142857142857142,135.18999999999997,2467.764
172,"Biscoito, doce, recheado com chocolate","Leite, de vaca, desnatado, UHT","Ciriguela, crua","Arroz, tipo 2, cozido","Guandu, cru","Coentro, folhas desidratadas","Hambúrguer, bovino, cru","Ovo, de galinha, inteiro, cru","Limão, cravo, suco","Cenoura, cozida","Abadejo, filé, congelado, assado","Queijo, minas, meia cura","Acelga, crua","Margarina, com óleo interesterificado, sem sal (65% de lipídeos)","Ameixa, em calda, enlatada, drenada",-0.1261904761904762,126.38999999999999,2881.4939999999992
173,"Pão, glúten, forma","Iogurte, sabor pêssego","Tucumã, cru","Pastel, de carne, frito","Feijão, rajado, cozido","Abóbora, cabotian, crua","Carne, bovina, coxão mole, sem gordura, cozido","Omelete, de queijo","Refrigerante, tipo laranja","Tomate, salada","Caranguejo, cozido","Leite, de vaca, integral","Nhoque, batata, cozido","Óleo, de pequi","Caju, polpa, congelada",-1.980952380952381,136.499,3151.894
174,"Farinha, de arroz, enriquecida","Iogurte, sabor abacaxi","Goiaba, branca, com casca, crua","Farinha, láctea, de cereais","Feijão, preto, cozido","Jiló, cru","Carne, bovina, costela, crua","Omelete, de queijo","Coco, água de","Mostarda, folha, crua","Pescada, filé, com farinha de trigo, frito","Bebida láctea, pêssego","Almeirão, cru","Óleo, de milho","Goiaba, vermelha, com casca, crua",-2.4,46.244,4330.724
175,"Biscoito, doce, recheado com morango",Creme de Leite,"Cacau, cru","Pastel, de carne, cru","Feijão, rajado, cozido","Jiló, cru","Frango, coxa, sem pele, cozida","Ovo, de galinha, inteiro, cozido/10minutos","Laranja, pêra, suco","Jurubeba, crua","Sardinha, inteira, crua","Iogurte, sabor abacaxi","Chuchu, cozido","Óleo, de canola","Cacau, cru",-0.9380952380952381,119.66899999999998,3593.011
176,"Arroz, tipo 2, cozido","Queijo, requeijão, cremoso","Goiaba, doce em pasta","Cereal matinal, milho, açúcar","Amendoim, grão, cru","Pimentão, verde, cru","Frango, coxa, sem pele, cozida","Ovo, de galinha, clara, cozida/10minutos","Coco, água de","Mandioca, frita","Camarão, Rio Grande, grande, cozido",Creme de Leite,"Manjericão, cru","Óleo, de girassol","Uva, Rubi, crua",-2.2,87.626,7630.378
177,"Cereais, mistura para vitamina, trigo, cevada e aveia","Queijo, prato","Pequi, cru","Cereal matinal, milho, açúcar","Feijão, rosinha, cru","Palmito, pupunha, em conserva","Croquete, de carne, cru","Ovo, de galinha, clara, cozida/10minutos","Refrigerante, tipo limão","Agrião, cru","Salmão, filé, com pele, fresco,  grelhado","Iogurte, sabor morango","Serralha, crua","Óleo, de babaçu","Açaí, polpa, congelada",-1.9904761904761903,87.945,2420.6749999999997
178,"Farinha, de arroz, enriquecida","Leite, de vaca, desnatado, pó","Tamarindo, cru","Pastel, de carne, frito","Ervilha, enlatada, drenada","Agrião, cru","Toucinho, frito","Omelete, de queijo","Limão, cravo, suco","Nhoque, batata, cozido","Lambari, fresco, cru","Leite, de vaca, integral, pó","Manjericão, cru","Margarina, com óleo hidrogenado, com sal (65% de lipídeos)","Caju, cru",-2.3904761904761904,32.527,5155.534
179,"Farinha, de trigo","Queijo, parmesão","Ameixa, em calda, enlatada, drenada","Pastel, de carne, frito","Lentilha, cozida","Espinafre, Nova Zelândia, refogado","Carne, bovina, paleta, com gordura, crua","Ovo, de codorna, inteiro, cru","Coco, água de","Quiabo, cru","Lambari, fresco, cru",Creme de Leite,"Jiló, cru","Margarina, com óleo hidrogenado, com sal (65% de lipídeos)","Uva, Rubi, crua",-2.8,76.934,3087.6369999999997
180,"Macarrão, trigo, cru","Leite, condensado","Cupuaçu, cru","Farinha, láctea, de cereais","Soja, queijo (tofu)","Maxixe, cru","Carne, bovina, coxão duro, sem gordura, cozido","Ovo, de galinha, inteiro, frito","Cana, aguardente 1","Abobrinha, italiana, refogada","Porquinho, cru","Iogurte, sabor abacaxi","Mandioca, cozida","Óleo, de girassol","Melão, cru",-0.4166666666666665,129.29400000000004,4771.384
181,"Lasanha, massa fresca, cozida","Iogurte, sabor morango","Laranja, baía, crua","Cereal matinal, milho, açúcar","Guandu, cru","Agrião, cru","Carne, bovina, paleta, sem gordura, cozida","Ovo, de galinha, inteiro, frito","Limão, galego, suco","Abóbora, menina brasileira, crua","Cação, posta, com farinha de trigo, frita","Queijo, petit suisse, morango","Abobrinha, paulista, crua","Margarina, com óleo hidrogenado, com sal (65% de lipídeos)","Manga, Palmer, crua",0.033333333333333326,163.05300000000003,2452.685
182,"Biscoito, doce, wafer, recheado de chocolate","Queijo, parmesão","Atemóia, crua","Pastel, de carne, frito","Feijão, preto, cru","Batata, baroa, crua","Carne, bovina, lagarto, cru","Ovo, de galinha, clara, cozida/10minutos","Refrigerante, tipo cola","Mandioca, frita","Corimba, cru","Queijo, minas, meia cura","Manjericão, cru","Margarina, com óleo interesterificado, com sal (65%de lipídeos)","Maracujá, cru",-1.2571428571428571,141.54800000000003,7221.987000000001
183,"Pastel, massa, crua","Iogurte, sabor morango","Goiaba, doce em pasta","Pastel, de queijo, cru","Feijão, fradinho, cru","Mandioca, farofa, temperada","Carne, bovina, lagarto, cru","Ovo, de galinha, clara, cozida/10minutos","Café, infusão 10%","Mandioca, frita","Salmão, sem pele, fresco, grelhado","Queijo, minas, frescal","Mandioca, farofa, temperada","Óleo, de milho","Uva, Rubi, crua",-2.7333333333333334,26.532000000000004,2406.475
184,"Pastel, de carne, frito","Iogurte, sabor pêssego","Tamarindo, cru","Pastel, de queijo, frito","Feijão, jalo, cru","Alho, cru","Carne, bovina, flanco, sem gordura, cozido","Ovo, de galinha, inteiro, cru","Bebida isotônica, sabores variados","Chuchu, cru","Cação, posta, com farinha de trigo, frita","Queijo, requeijão, cremoso","Abóbora, cabotian, crua","Óleo, de milho","Abiu, cru",-0.988095238095238,172.953,2562.175
185,"Pipoca, com óleo de soja, sem sal","Queijo, ricota","Manga, Palmer, crua","Biscoito, doce, maisena","Grão-de-bico, cru","Abóbora, cabotian, cozida","Croquete, de carne, cru","Ovo, de galinha, clara, cozida/10minutos","Limão, cravo, suco","Polvilho, doce","Lambari, fresco, cru","Leite, de cabra","Almeirão, refogado","Margarina, com óleo hidrogenado, com sal (65% de lipídeos)","Manga, Palmer, crua",-0.9523809523809522,128.15,5259.442999999999
186,"Cereais, mingau, milho, infantil","Bebida láctea, pêssego","Pequi, cru","Pão, trigo, forma, integral","Amendoim, torrado, salgado","Manjericão, cru","Carne, bovina, costela, assada","Omelete, de queijo","Uva, suco concentrado, envasado","Quiabo, cru","Pescada, branca, frita",Creme de Leite,"Chicória, crua","Óleo, de milho","Tamarindo, cru",-2.533333333333333,55.924,3364.787
187,"Macarrão, instantâneo","Leite, fermentado","Pequi, cru","Bolo, pronto, coco","Feijão, rosinha, cru","Mandioca, cozida","Frango, fígado, cru","Omelete, de queijo","Limão, galego, suco","Mandioca, frita","Tucunaré, filé, congelado, cru","Leite, de cabra","Pepino, cru","Manteiga, com sal","Goiaba, doce, cascão",-2.1619047619047618,57.123000000000005,3445.022
188,"Pastel, massa, frita","Queijo, petit suisse, morango","Fruta-pão, crua","Biscoito, doce, wafer, recheado de morango","Feijão, roxo, cru","Manjericão, cru","Carne, bovina, fraldinha, com gordura, crua","Ovo, de galinha, inteiro, frito","Bebida isotônica, sabores variados","Farinha, de mandioca, torrada","Dourada de água doce, fresca",Creme de Leite,"Abobrinha, italiana, crua","Óleo, de girassol","Maracujá, cru",-2.9333333333333336,78.155,3651.574
189,"Macarrão, instantâneo","Bebida láctea, pêssego","Pequi, cru","Pastel, de carne, frito","Feijão, rajado, cozido","Manjericão, cru","Frango, fígado, cru","Ovo, de galinha, inteiro, cozido/10minutos","Bebida isotônica, sabores variados","Feijão, broto, cru","Abadejo, filé, congelado, grelhado","Queijo, requeijão, cremoso","Nhoque, batata, cozido","Óleo, de pequi","Banana, maçã, crua",-1.0452380952380953,92.59800000000001,2423.06
190,"Pamonha, barra para cozimento, pré-cozida","Bebida láctea, pêssego","Ameixa, calda, enlatada","Biscoito, doce, maisena","Feijão, preto, cru","Alho-poró, cru","Frango, coxa, sem pele, crua","Omelete, de queijo","Laranja, lima, suco","Mandioca, frita","Salmão, sem pele, fresco, grelhado","Leite, de vaca, integral, pó","Mandioca, farofa, temperada","Óleo, de soja","Uva, Rubi, crua",-2.6666666666666665,57.233000000000004,2479.8659999999995
191,"Lasanha, massa fresca, crua","Iogurte, sabor pêssego","Laranja, lima, crua","Bolo, mistura para","Feijão, carioca, cru","Espinafre, Nova Zelândia, refogado","Carne, bovina, patinho, sem gordura, cru","Ovo, de galinha, inteiro, cozido/10minutos","Café, infusão 10%","Mandioca, frita","Salmão, sem pele, fresco, grelhado","Queijo, requeijão, cremoso","Tomate, purê","Margarina, com óleo interesterificado, sem sal (65% de lipídeos)","Caqui, chocolate, cru",-2.466666666666667,28.468,2438.9770000000003
192,"Lasanha, massa fresca, crua","Iogurte, sabor pêssego","Tucumã, cru","Pastel, de carne, frito","Pé-de-moleque, amendoim","Quiabo, cru","Carne, bovina, paleta, com gordura, crua","Omelete, de queijo","Cana, aguardente 1","Couve-flor, crua","Lambari, congelado, cru","Leite, de vaca, desnatado, pó","Batata, baroa, cozida","Óleo, de milho","Mexerica, Murcote, crua",-2.4,38.687000000000005,3077.741
193,"Creme de arroz, pó","Queijo, minas, meia cura","Goiaba, doce em pasta","Pastel, de queijo, cru","Feijão, preto, cru","Jurubeba, crua","Carne, bovina, lagarto, cru","Ovo, de galinha, inteiro, cozido/10minutos","Café, infusão 10%","Mandioca, frita","Bacalhau, salgado, refogado","Queijo, minas, frescal","Chuchu, cozido","Óleo, de pequi","Atemóia, crua",-2.466666666666667,95.52399999999997,3664.2290000000003
194,"Pastel, de carne, cru","Iogurte, sabor morango","Goiaba, doce em pasta","Polenta, pré-cozida","Feijão, preto, cru","Pimentão, amarelo, cru","Hambúrguer, bovino, cru","Omelete, de queijo","Refrigerante, tipo cola","Salsa, crua","Cação, posta, com farinha de trigo, frita","Queijo, minas, frescal","Nhoque, batata, cozido","Manteiga, sem sal","Figo, enlatado, em calda",-0.5976190476190477,121.97900000000001,3780.1839999999997
195,"Cereal matinal, milho","Iogurte, natural","Pequi, cru","Arroz, tipo 1, cozido","Feijão, fradinho, cozido","Cebola, crua","Carne, bovina, picanha, sem gordura, grelhada","Ovo, de galinha, gema, cozida/10minutos","Refrigerante, tipo água tônica","Pepino, cru","Cação, posta, com farinha de trigo, frita","Queijo, minas, frescal","Caruru, cru","Azeite, de dendê","Abacaxi, polpa, congelada",-1.407142857142857,100.419,4516.336
196,"Cereais, mingau, milho, infantil","Leite, de vaca, desnatado, UHT","Pêra, Park, crua","Mingau tradicional, pó","Grão-de-bico, cru","Alho, cru","Carne, bovina, peito, sem gordura, cozido","Omelete, de queijo","Cana, caldo de","Pimentão, amarelo, cru","Corimbatá, assado","Queijo, minas, frescal","Abóbora, cabotian, crua","Óleo, de girassol","Fruta-pão, crua",-2.216666666666667,36.949,3606.3450000000007
197,"Bolo, pronto, aipim","Queijo, minas, frescal","Ameixa, em calda, enlatada, drenada","Pastel, de carne, frito","Amendoim, torrado, salgado","Taioba, crua","Frango, coxa, sem pele, crua","Omelete, de queijo","Refrigerante, tipo cola","Abobrinha, italiana, cozida","Pescada, filé, com farinha de trigo, frito","Queijo, mozarela","Maxixe, cru","Óleo, de canola","Uva, Rubi, crua",-2.5142857142857142,81.664,2450.42
198,"Bolo, pronto, milho","Iogurte, natural","Caju, polpa, congelada","Pastel, massa, crua","Tremoço, em conserva","Repolho, roxo, refogado","Carne, bovina, paleta, sem gordura, cozida","Ovo, de galinha, clara, cozida/10minutos","Cerveja, pilsen 2","Nhoque, batata, cozido","Pintado, grelhado","Queijo, prato","Manjericão, cru","Margarina, com óleo hidrogenado, com sal (65% de lipídeos)","Pêra, Williams, crua",-0.4666666666666668,200.365,4574.114
199,"Bolo, pronto, aipim","Bebida láctea, pêssego","Tamarindo, cru","Biscoito, doce, wafer, recheado de chocolate","Ervilha, enlatada, drenada","Manjericão, cru","Carne, bovina, bucho, cru","Omelete, de queijo","Limão, galego, suco","Mandioca, frita","Pescada, filé, molho escabeche","Queijo, parmesão","Couve, manteiga, crua","Manteiga, sem sal","Pêssego, enlatado, em calda",-2.352380952380952,37.37800000000001,4108.071
